Player,Pos,Age,Tm,G,MP,FG%,Dist.,...9, at 2P,at 0-3ft, at 3-10ft,at 10-16ft,at 16ft-3P, at 3P,...16,2P%,0-3ft%,3-10ft%,10-16ft%,16ft-3P%,3P%,...23,% at 2P AST'd,% at 3P AST'd,...26,% of Dunk FGA,Dunks,% of Corner 3PA,Corner 3P%,...31,Heaves Att.,Heaves,...34,...35
Nickeil Alexander-Walker,SG,23,TOT,65,1466,0.372,15.8,NA,0.503,0.213,0.162,0.071,0.057,0.497,NA,0.433,0.579,0.318,0.375,0.282,0.311,NA,0.399,0.876,NA,0.015,8,NA,0.24,0.37,NA,2,0,alexani01
Justin Anderson,SF,28,TOT,16,316,0.379,18.9,NA,0.379,0.147,0.095,0.042,0.095,0.621,NA,0.583,0.714,0.444,0.25,0.667,0.254,NA,0.667,0.933,NA,0.032,1,NA,0.339,0.4,NA,0,0,anderju01
D.J. Augustin,PG,34,TOT,55,883,0.423,20.3,NA,0.261,0.131,0.086,0.018,0.027,0.739,NA,0.448,0.586,0.368,0.25,0.167,0.415,NA,0.308,0.824,NA,0,0,NA,0.238,0.462,NA,0,0,augusdj01
Marvin Bagley III,PF,22,TOT,48,1146,0.504,9.2,NA,0.783,0.327,0.363,0.081,0.011,0.217,NA,0.579,0.795,0.457,0.306,0.2,0.237,NA,0.658,0.913,NA,0.126,52,NA,0.485,0.213,NA,1,0,baglema01
DeAndre' Bembry,SF,27,TOT,56,1026,0.561,6.2,NA,0.837,0.584,0.249,0,0.005,0.163,NA,0.589,0.667,0.418,NA,0,0.417,NA,0.725,1,NA,0.104,20,NA,0.611,0.545,NA,0,0,bembrde01
Dāvis Bertāns,PF,29,TOT,56,807,0.36,23,NA,0.164,0.065,0.069,0.015,0.015,0.836,NA,0.489,0.611,0.421,0,0.75,0.335,NA,0.864,0.987,NA,0.036,9,NA,0.222,0.471,NA,1,0,bertada01
Armoni Brooks,SG-PG,23,TOT,54,844,0.339,23.4,NA,0.138,0.083,0.035,0.01,0.01,0.862,NA,0.6,0.708,0.6,0,0.333,0.297,NA,0.667,0.824,NA,0.014,3,NA,0.137,0.265,NA,1,0,brookar01
Charlie Brown Jr.,SG,24,TOT,22,177,0.256,11,NA,0.692,0.385,0.205,0.077,0.026,0.308,NA,0.333,0.467,0.25,0,0,0.083,NA,0.444,1,NA,0.077,2,NA,0.167,0,NA,0,0,brownch02
Chaundee Brown Jr.,SG-SF,23,TOT,5,104,0.313,17.9,NA,0.438,0.188,0.094,0.156,0,0.563,NA,0.286,0.5,0,0.2,NA,0.333,NA,0.5,1,NA,0,0,NA,0.222,0.25,NA,1,0,brownch05
Moses Brown,C,22,TOT,40,345,0.593,2.5,NA,1,0.75,0.231,0.009,0.009,0,NA,0.593,0.642,0.48,0,0,NA,NA,0.813,NA,NA,0.454,40,NA,NA,NA,NA,0,0,brownmo01
Vernon Carey Jr.,C,20,TOT,7,44,0.538,8.2,NA,1,0.615,0,0.077,0.308,0,NA,0.538,0.75,NA,0,0.25,NA,NA,0.286,NA,NA,0,0,NA,NA,NA,NA,0,0,careyve01
Jevon Carter,PG,26,TOT,66,905,0.387,21.2,NA,0.328,0.055,0.043,0.067,0.162,0.672,NA,0.386,0.429,0.273,0.471,0.366,0.388,NA,0.438,0.773,NA,0.004,1,NA,0.324,0.473,NA,1,0,carteje01
Willie Cauley-Stein,C,28,TOT,20,183,0.457,5.3,NA,0.943,0.629,0.2,0.057,0.057,0.057,NA,0.455,0.545,0.143,1,0,0.5,NA,0.8,1,NA,0.257,7,NA,0,NA,NA,0,0,caulewi01
DeMarcus Cousins,C,31,TOT,48,718,0.46,12.1,NA,0.623,0.361,0.225,0.015,0.022,0.377,NA,0.554,0.65,0.452,0.2,0.286,0.303,NA,0.598,1,NA,0.068,20,NA,0.049,0.333,NA,0,0,couside01
Robert Covington,PF,31,TOT,71,1940,0.42,18.8,NA,0.319,0.171,0.108,0.022,0.018,0.681,NA,0.509,0.659,0.333,0.273,0.444,0.378,NA,0.654,0.93,NA,0.03,12,NA,0.198,0.552,NA,0,0,covinro01
Torrey Craig,SF,31,TOT,78,1596,0.454,16,NA,0.469,0.231,0.141,0.057,0.041,0.531,NA,0.594,0.725,0.532,0.4,0.333,0.329,NA,0.585,0.961,NA,0.041,18,NA,0.41,0.365,NA,2,0,craigto01
Seth Curry,SG,31,TOT,64,2135,0.487,19.4,NA,0.494,0.053,0.1,0.133,0.208,0.506,NA,0.553,0.692,0.568,0.51,0.539,0.422,NA,0.465,0.829,NA,0,0,NA,0.182,0.5,NA,0,0,curryse01
Spencer Dinwiddie,PG-SG,28,TOT,67,1980,0.416,15.6,NA,0.551,0.176,0.237,0.088,0.05,0.449,NA,0.479,0.643,0.402,0.446,0.324,0.339,NA,0.201,0.536,NA,0.007,3,NA,0.182,0.367,NA,1,0,dinwisp01
Donte DiVincenzo,SG,25,TOT,42,1006,0.351,18.6,NA,0.351,0.155,0.137,0.027,0.033,0.649,NA,0.373,0.538,0.239,0.444,0.091,0.339,NA,0.477,0.824,NA,0.009,2,NA,0.216,0.426,NA,1,0,divindo01
Jeff Dowtin,PG,24,TOT,9,108,0.308,14.8,NA,0.654,0.115,0.231,0.192,0.115,0.346,NA,0.412,0.667,0.333,0.2,0.667,0.111,NA,0.143,1,NA,0,0,NA,0.556,0.2,NA,0,0,dowtije01
Goran Dragić,PG,35,TOT,21,498,0.377,15.2,NA,0.583,0.192,0.172,0.166,0.053,0.417,NA,0.466,0.621,0.538,0.28,0.25,0.254,NA,0.195,0.875,NA,0.007,1,NA,0.19,0.25,NA,1,0,dragigo01
Andre Drummond,C,28,TOT,73,1437,0.57,2.8,NA,0.993,0.707,0.261,0.021,0.005,0.007,NA,0.574,0.641,0.434,0.222,0,0,NA,0.591,NA,NA,0.249,93,NA,0,NA,NA,2,0,drumman01
James Ennis III,SF,31,TOT,7,56,0.458,10.6,NA,0.667,0.542,0.083,0,0.042,0.333,NA,0.5,0.538,0.5,NA,0,0.375,NA,0.75,1,NA,0,0,NA,0.125,0,NA,0,0,ennisja01
Drew Eubanks,C,24,TOT,71,1245,0.596,6.2,NA,0.938,0.442,0.364,0.094,0.038,0.062,NA,0.621,0.683,0.563,0.657,0.357,0.217,NA,0.759,1,NA,0.237,77,NA,0.174,0.25,NA,0,0,eubandr01
Bruno Fernando,C,23,TOT,30,152,0.655,4,NA,0.964,0.618,0.291,0.036,0.018,0.036,NA,0.66,0.676,0.625,0.5,1,0.5,NA,0.714,1,NA,0.309,17,NA,0.5,0,NA,0,0,fernabr01
Malik Fitts,PF,24,TOT,15,63,0.421,16.7,NA,0.474,0.211,0.158,0.053,0.053,0.526,NA,0.333,0.75,0,0,0,0.5,NA,1,1,NA,0.053,1,NA,0.5,0.6,NA,1,1,fittsma01
Bryn Forbes,SG,28,TOT,75,1286,0.429,19.5,NA,0.453,0.043,0.137,0.109,0.163,0.547,NA,0.447,0.609,0.432,0.525,0.364,0.414,NA,0.697,0.959,NA,0,0,NA,0.173,0.569,NA,0,0,forbebr01
Tim Frazier,PG,31,TOT,12,208,0.311,17.4,NA,0.622,0.067,0.178,0.133,0.244,0.378,NA,0.286,1,0.25,0.167,0.182,0.353,NA,0.375,0.833,NA,0,0,NA,0.235,0.25,NA,0,0,fraziti01
Wenyen Gabriel,PF,24,TOT,26,358,0.491,8.5,NA,0.745,0.473,0.245,0.018,0.009,0.255,NA,0.561,0.692,0.37,0,0,0.286,NA,0.543,1,NA,0.136,13,NA,0.571,0.25,NA,0,0,gabriwe01
Langston Galloway,SG,30,TOT,7,107,0.231,19.4,NA,0.385,0.115,0.038,0.115,0.115,0.615,NA,0.4,0.333,0,0.667,0.333,0.125,NA,0.5,0.5,NA,0,0,NA,0.375,0,NA,0,0,gallola01
Tyrese Haliburton,SG-PG,21,TOT,77,2695,0.473,16.7,NA,0.572,0.13,0.183,0.158,0.101,0.428,NA,0.517,0.712,0.41,0.521,0.457,0.414,NA,0.279,0.584,NA,0.028,25,NA,0.139,0.444,NA,9,0,halibty01
James Harden,PG,32,TOT,65,2419,0.41,14.6,NA,0.548,0.231,0.232,0.061,0.024,0.452,NA,0.476,0.598,0.37,0.426,0.458,0.33,NA,0.189,0.257,NA,0.006,6,NA,0.049,0.273,NA,0,0,hardeja01
Montrezl Harrell,C,28,TOT,71,1641,0.645,4.8,NA,0.969,0.582,0.274,0.079,0.034,0.031,NA,0.658,0.771,0.533,0.409,0.316,0.235,NA,0.653,1,NA,0.286,150,NA,0.118,0.5,NA,2,0,harremo01
Josh Hart,SG,26,TOT,54,1791,0.504,12.4,NA,0.626,0.399,0.134,0.06,0.033,0.374,NA,0.601,0.705,0.434,0.382,0.421,0.343,NA,0.472,0.74,NA,0.035,19,NA,0.169,0.583,NA,0,0,hartjo01
Juancho Hernangómez,PF,26,TOT,40,445,0.415,17.2,NA,0.349,0.217,0.123,0.009,0,0.651,NA,0.541,0.696,0.308,0,NA,0.348,NA,0.8,1,NA,0.057,5,NA,0.362,0.4,NA,0,0,hernaju01
Buddy Hield,SG,29,TOT,81,2499,0.406,19.7,NA,0.348,0.132,0.083,0.069,0.064,0.652,NA,0.482,0.593,0.385,0.421,0.443,0.366,NA,0.44,0.847,NA,0.006,7,NA,0.154,0.391,NA,2,1,hieldbu01
Malcolm Hill,SF-SG,26,TOT,19,212,0.462,19.5,NA,0.308,0.115,0.115,0.019,0.058,0.692,NA,0.688,0.667,0.667,0,1,0.361,NA,0.636,0.846,NA,0,0,NA,0.306,0.636,NA,0,0,hillma01
Aaron Holiday,PG,25,TOT,63,1021,0.447,13.1,NA,0.695,0.175,0.299,0.166,0.056,0.305,NA,0.477,0.61,0.475,0.411,0.263,0.379,NA,0.348,0.718,NA,0.003,0,NA,0.155,0.438,NA,0,0,holidaa01
Justin Holiday,SF-SG,32,TOT,74,2057,0.394,20.7,NA,0.272,0.104,0.048,0.044,0.076,0.728,NA,0.467,0.594,0.344,0.483,0.36,0.367,NA,0.786,0.96,NA,0.021,12,NA,0.288,0.388,NA,1,0,holidju01
Rodney Hood,PF-SF,29,TOT,52,709,0.369,19.6,NA,0.42,0.089,0.096,0.102,0.134,0.58,NA,0.424,0.857,0.267,0.438,0.238,0.33,NA,0.536,0.833,NA,0.006,1,NA,0.286,0.346,NA,0,0,hoodro01
Danuel House Jr.,SF,28,TOT,42,727,0.404,16.9,NA,0.409,0.207,0.116,0.045,0.04,0.591,NA,0.444,0.634,0.174,0.333,0.375,0.376,NA,0.75,0.932,NA,0.061,7,NA,0.521,0.377,NA,1,0,houseda01
Elijah Hughes,SG-SF,23,TOT,36,434,0.326,20.1,NA,0.34,0.09,0.09,0.125,0.035,0.66,NA,0.449,0.692,0.615,0.278,0,0.263,NA,0.5,0.84,NA,0.021,2,NA,0.274,0.231,NA,2,0,hugheel01
Serge Ibaka,C,32,TOT,54,877,0.5,13.8,NA,0.666,0.193,0.274,0.105,0.095,0.334,NA,0.563,0.789,0.506,0.516,0.321,0.374,NA,0.703,1,NA,0.074,21,NA,0.091,0.222,NA,0,0,ibakase01
Josh Jackson,SF,24,TOT,51,830,0.4,14.9,NA,0.567,0.243,0.17,0.06,0.093,0.433,NA,0.512,0.712,0.392,0.389,0.286,0.254,NA,0.517,0.879,NA,0.043,9,NA,0.238,0.194,NA,0,0,jacksjo02
Justin Jackson,SF,26,TOT,7,37,0.333,19.9,NA,0.4,0,0.2,0.067,0.133,0.6,NA,0.333,NA,0.667,0,0,0.333,NA,1,1,NA,0,0,NA,0.111,1,NA,0,0,jacksju01
Alize Johnson,PF,25,TOT,23,167,0.436,6.2,NA,0.897,0.564,0.282,0.051,0,0.103,NA,0.486,0.5,0.455,0.5,NA,0,NA,0.529,NA,NA,0,0,NA,0.5,0,NA,1,0,johnsal02
Keon Johnson,SG,19,TOT,37,697,0.353,13.3,NA,0.632,0.276,0.188,0.103,0.066,0.368,NA,0.36,0.507,0.353,0.214,0,0.34,NA,0.484,0.559,NA,0.044,12,NA,0.18,0.167,NA,0,0,johnske07
Tyler Johnson,PG,29,TOT,6,91,0.3,22.2,NA,0.35,0,0,0.15,0.2,0.65,NA,0.143,NA,NA,0,0.25,0.385,NA,1,1,NA,0,0,NA,0.308,0.25,NA,0,0,johnsty01
Carlik Jones,PG,24,TOT,5,23,0.111,10.1,NA,0.889,0.333,0.111,0.333,0.111,0.111,NA,0.125,0.333,0,0,0,0,NA,0,NA,NA,0,0,NA,1,0,NA,0,0,jonesca03
DeAndre Jordan,C,33,TOT,48,622,0.643,1.7,NA,1,0.818,0.168,0.007,0.007,0,NA,0.643,0.701,0.417,0,0,NA,NA,0.793,NA,NA,0.538,69,NA,NA,NA,NA,0,0,jordade01
Georgios Kalaitzakis,SF,23,TOT,13,214,0.463,13.8,NA,0.612,0.269,0.179,0.09,0.075,0.388,NA,0.512,0.667,0.583,0.333,0,0.385,NA,0.524,0.8,NA,0.075,4,NA,0.154,0.25,NA,0,0,kalaige01
Braxton Key,SF,24,TOT,11,197,0.458,11,NA,0.708,0.292,0.292,0.069,0.056,0.292,NA,0.529,0.762,0.476,0.2,0,0.286,NA,0.741,0.833,NA,0.097,6,NA,0.429,0.333,NA,0,0,keybr01
Kevin Knox,SF,22,TOT,30,222,0.365,18.5,NA,0.365,0.153,0.106,0.059,0.047,0.635,NA,0.516,0.769,0.556,0,0.25,0.278,NA,0.75,1,NA,0.082,7,NA,0.315,0.412,NA,1,0,knoxke01
Luke Kornet,C,26,TOT,15,103,0.481,7.2,NA,0.815,0.519,0.222,0.074,0,0.185,NA,0.591,0.643,0.667,0,NA,0,NA,0.692,NA,NA,0.185,4,NA,0,NA,NA,0,0,kornelu01
Jeremy Lamb,SF-SG,29,TOT,56,935,0.383,17.4,NA,0.51,0.089,0.202,0.147,0.072,0.49,NA,0.441,0.581,0.4,0.412,0.44,0.324,NA,0.346,0.818,NA,0,0,NA,0.188,0.313,NA,4,0,lambje01
Romeo Langford,SG,22,TOT,48,771,0.435,14.4,NA,0.555,0.204,0.241,0.079,0.031,0.445,NA,0.509,0.718,0.37,0.467,0.333,0.341,NA,0.722,0.966,NA,0.047,8,NA,0.518,0.318,NA,1,0,langfro01
Caris LeVert,SG,27,TOT,58,1781,0.444,12.8,NA,0.7,0.207,0.26,0.201,0.032,0.3,NA,0.497,0.638,0.441,0.442,0.37,0.32,NA,0.303,0.634,NA,0.023,20,NA,0.129,0.303,NA,0,0,leverca01
Didi Louzada,SG-SF,22,TOT,9,129,0.364,20,NA,0.303,0.061,0.121,0.061,0.061,0.697,NA,0.3,0.5,0,0,1,0.391,NA,0.333,1,NA,0,0,NA,0.174,0.5,NA,0,0,louzama01
Trey Lyles,PF,26,TOT,75,1537,0.466,12.8,NA,0.628,0.292,0.224,0.077,0.036,0.372,NA,0.552,0.671,0.516,0.279,0.4,0.321,NA,0.6,1,NA,0.046,23,NA,0.239,0.38,NA,1,0,lylestr01
Kelan Martin,SF,26,TOT,30,450,0.409,15.4,NA,0.561,0.234,0.123,0.088,0.117,0.439,NA,0.5,0.65,0.19,0.467,0.55,0.293,NA,0.646,1,NA,0.023,3,NA,0.347,0.423,NA,1,0,martike03
Mac McClung,SG-PG,23,TOT,2,25,0.5,16.5,NA,0.5,0.333,0,0,0.167,0.5,NA,0.667,0.5,NA,NA,1,0.333,NA,1,1,NA,0,0,NA,0,NA,NA,0,0,mccluma01
CJ McCollum,SG,30,TOT,62,2145,0.46,16.2,NA,0.597,0.127,0.183,0.162,0.125,0.403,NA,0.509,0.642,0.441,0.497,0.49,0.388,NA,0.254,0.659,NA,0.003,4,NA,0.13,0.377,NA,0,0,mccolcj01
Paul Millsap,C,36,TOT,33,376,0.391,10.9,NA,0.696,0.357,0.243,0.087,0.009,0.304,NA,0.463,0.537,0.429,0.3,0,0.229,NA,0.486,1,NA,0.052,3,NA,0.371,0.077,NA,0,0,millspa01
Greg Monroe,C,31,TOT,14,195,0.561,3.1,NA,1,0.632,0.351,0,0.018,0,NA,0.561,0.694,0.35,NA,0,NA,NA,0.563,NA,NA,0.018,1,NA,NA,NA,NA,0,0,monrogr01
Juwan Morgan,PF,24,TOT,2,31,0.667,17.1,NA,0.333,0.333,0,0,0,0.667,NA,1,1,NA,NA,NA,0.5,NA,1,1,NA,0,0,NA,0,NA,NA,0,0,morgaju01
Mychal Mulder,PG,27,TOT,17,239,0.312,19.7,NA,0.299,0.117,0.104,0.026,0.052,0.701,NA,0.304,0.556,0,0.5,0.25,0.315,NA,0.571,1,NA,0.039,2,NA,0.241,0.385,NA,0,0,muldemy01
Larry Nance Jr.,C-PF,29,TOT,46,1040,0.522,9.9,NA,0.717,0.466,0.17,0.057,0.024,0.283,NA,0.599,0.704,0.476,0.214,0.333,0.329,NA,0.689,1,NA,0.194,43,NA,0.3,0.381,NA,1,0,nancela02
Semi Ojeleye,PF,27,TOT,30,406,0.303,16.5,NA,0.495,0.091,0.263,0.141,0,0.505,NA,0.306,0.667,0.269,0.143,NA,0.3,NA,0.733,0.8,NA,0.061,5,NA,0.32,0.25,NA,1,0,ojelese01
Reggie Perry,PF,21,TOT,10,187,0.506,10.5,NA,0.797,0.342,0.266,0.089,0.101,0.203,NA,0.587,0.815,0.333,0.429,0.625,0.188,NA,0.676,1,NA,0.089,6,NA,0.063,0,NA,0,0,perryre01
Kristaps Porziņģis,PF,26,TOT,51,1481,0.459,14.3,NA,0.671,0.214,0.183,0.186,0.089,0.329,NA,0.532,0.762,0.414,0.42,0.456,0.31,NA,0.682,0.987,NA,0.124,85,NA,0.028,0.429,NA,1,0,porzikr01
Norman Powell,SF-SG,28,TOT,45,1458,0.461,14.4,NA,0.582,0.256,0.179,0.058,0.089,0.418,NA,0.491,0.568,0.407,0.514,0.426,0.419,NA,0.509,0.877,NA,0.026,13,NA,0.316,0.388,NA,0,0,powelno01
Cam Reddish,SF,22,TOT,49,1012,0.404,15.7,NA,0.549,0.211,0.125,0.108,0.105,0.451,NA,0.442,0.593,0.471,0.273,0.279,0.359,NA,0.525,0.833,NA,0.042,13,NA,0.283,0.442,NA,0,0,reddica01
Josh Richardson,SG,28,TOT,65,1600,0.438,17.2,NA,0.539,0.109,0.154,0.178,0.099,0.461,NA,0.458,0.655,0.39,0.432,0.396,0.415,NA,0.477,0.99,NA,0.017,8,NA,0.183,0.422,NA,1,0,richajo01
Justin Robinson,PG,24,TOT,25,304,0.301,21.4,NA,0.344,0.065,0.075,0.118,0.086,0.656,NA,0.313,0.833,0.143,0.182,0.25,0.295,NA,0.2,0.778,NA,0,0,NA,0.262,0.375,NA,2,0,robinju01
Rajon Rondo,PG,35,TOT,39,697,0.386,16.1,NA,0.5,0.222,0.17,0.091,0.017,0.5,NA,0.42,0.641,0.233,0.313,0,0.352,NA,0.081,0.839,NA,0,0,NA,0.114,0.3,NA,0,0,rondora01
Domantas Sabonis,PF-C,25,TOT,62,2136,0.573,7.6,NA,0.838,0.485,0.265,0.047,0.041,0.162,NA,0.623,0.739,0.517,0.389,0.219,0.312,NA,0.616,0.974,NA,0.085,59,NA,0.136,0.235,NA,0,0,sabondo01
Tomáš Satoranský,SG-PG-SF,30,TOT,55,906,0.377,13,NA,0.723,0.241,0.236,0.152,0.094,0.277,NA,0.442,0.63,0.333,0.379,0.333,0.208,NA,0.443,1,NA,0.037,6,NA,0.208,0.091,NA,3,0,satorto01
Dennis Schröder,SG-PG,28,TOT,64,1837,0.431,14.7,NA,0.655,0.169,0.228,0.126,0.133,0.345,NA,0.477,0.639,0.442,0.374,0.427,0.344,NA,0.265,0.721,NA,0,0,NA,0.112,0.357,NA,1,0,schrode01
Chris Silva,PF,25,TOT,10,91,0.533,4,NA,1,0.533,0.4,0,0.067,0,NA,0.533,0.75,0.333,NA,0,NA,NA,0.75,NA,NA,0.133,2,NA,NA,NA,NA,0,0,silvach01
Javonte Smart,PG,22,TOT,17,200,0.317,16.3,NA,0.55,0.183,0.167,0.133,0.067,0.45,NA,0.333,0.545,0.3,0.125,0.25,0.296,NA,0.364,0.875,NA,0,0,NA,0.148,0.5,NA,1,0,smartja01
Ish Smith,PG,33,TOT,65,1126,0.43,13.3,NA,0.844,0.2,0.172,0.205,0.267,0.156,NA,0.441,0.5,0.392,0.364,0.487,0.373,NA,0.181,0.72,NA,0.002,1,NA,0.224,0.533,NA,1,0,smithis01
Jalen Smith,PF,21,TOT,51,925,0.503,12.4,NA,0.651,0.291,0.246,0.063,0.051,0.349,NA,0.596,0.765,0.5,0.364,0.389,0.328,NA,0.721,1,NA,0.111,38,NA,0.27,0.242,NA,0,0,smithja04
Xavier Sneed,SF,24,TOT,9,39,0.2,20.9,NA,0.2,0.1,0,0.1,0,0.8,NA,0.5,1,NA,0,NA,0.125,NA,0,1,NA,0,0,NA,0.5,0,NA,0,0,sneedxa01
Tony Snell,SG,30,TOT,53,823,0.404,20,NA,0.251,0.105,0.094,0.035,0.018,0.749,NA,0.558,0.722,0.375,0.5,0.667,0.352,NA,0.75,0.956,NA,0.018,3,NA,0.477,0.361,NA,0,0,snellto01
Nik Stauskas,SG,28,TOT,8,39,0.357,20.7,NA,0.286,0.071,0.071,0.071,0.071,0.714,NA,0.25,0,0,1,0,0.4,NA,1,0.75,NA,0,0,NA,0.5,0.6,NA,0,0,stausni01
Lance Stephenson,PG-SG,31,TOT,46,814,0.455,14.3,NA,0.721,0.22,0.164,0.08,0.257,0.279,NA,0.515,0.662,0.547,0.423,0.398,0.3,NA,0.2,0.593,NA,0.003,1,NA,0.178,0.375,NA,0,0,stephla01
Daniel Theis,C,29,TOT,47,977,0.519,12.4,NA,0.632,0.378,0.134,0.076,0.045,0.368,NA,0.641,0.745,0.59,0.364,0.385,0.308,NA,0.797,0.97,NA,0.189,48,NA,0.252,0.37,NA,1,0,theisda01
Isaiah Thomas,PG,32,TOT,22,333,0.401,16.8,NA,0.503,0.126,0.18,0.132,0.066,0.497,NA,0.464,0.571,0.233,0.636,0.545,0.337,NA,0.487,0.786,NA,0,0,NA,0.241,0.35,NA,0,0,thomais02
Tristan Thompson,PF,30,TOT,57,897,0.528,4.3,NA,0.989,0.487,0.464,0.034,0.004,0.011,NA,0.53,0.608,0.452,0.556,0,0.333,NA,0.657,1,NA,0.157,33,NA,0,NA,NA,2,0,thomptr01
Rayjon Tucker,SG,24,TOT,5,71,0.667,18.2,NA,0.444,0.222,0,0.111,0.111,0.556,NA,0.5,1,NA,0,0,0.8,NA,0,0.5,NA,0.111,1,NA,0.2,1,NA,0,0,tuckera01
Denzel Valentine,SG,28,TOT,24,222,0.379,20.6,NA,0.288,0.061,0.091,0.106,0.03,0.712,NA,0.316,0.75,0.333,0.143,0,0.404,NA,0.333,0.895,NA,0.015,1,NA,0.426,0.45,NA,0,0,valende01
Brad Wanamaker,PG,32,TOT,23,320,0.364,13.4,NA,0.779,0.208,0.208,0.169,0.195,0.221,NA,0.4,0.438,0.438,0.462,0.267,0.235,NA,0.458,1,NA,0,0,NA,0.118,0,NA,1,0,wanambr01
Tremont Waters,PG,24,TOT,3,50,0.286,22.7,NA,0.357,0,0.143,0.143,0.071,0.643,NA,0.4,NA,0.5,0.5,0,0.222,NA,0,0.5,NA,0,0,NA,0.222,0,NA,0,0,watertr01
Derrick White,SG,27,TOT,75,2199,0.421,15.4,NA,0.539,0.159,0.231,0.12,0.029,0.461,NA,0.515,0.614,0.503,0.479,0.217,0.312,NA,0.401,0.835,NA,0.009,7,NA,0.195,0.306,NA,1,0,whitede01
Justise Winslow,PF,25,TOT,48,774,0.428,10.7,NA,0.743,0.354,0.257,0.07,0.062,0.257,NA,0.497,0.681,0.379,0.222,0.25,0.227,NA,0.695,1,NA,0.023,5,NA,0.409,0.222,NA,2,0,winslju01
Moses Wright,PF,23,TOT,4,14,0.25,13.2,NA,0.75,0.25,0,0.5,0,0.25,NA,0.333,1,NA,0,NA,0,NA,1,NA,NA,0,0,NA,1,0,NA,0,0,wrighmo01
Thaddeus Young,PF,33,TOT,52,845,0.518,7.7,NA,0.824,0.382,0.393,0.026,0.022,0.176,NA,0.554,0.625,0.523,0.286,0.167,0.354,NA,0.524,1,NA,0.037,7,NA,0.604,0.483,NA,0,0,youngth01
Precious Achiuwa,C,22,TOR,73,1725,0.439,10.2,NA,0.741,0.348,0.274,0.085,0.035,0.259,NA,0.468,0.614,0.345,0.373,0.19,0.359,NA,0.598,0.964,NA,0.143,67,NA,0.429,0.313,NA,0,0,achiupr01
Steven Adams,C,28,MEM,76,1999,0.547,2.9,NA,0.997,0.693,0.26,0.042,0.003,0.003,NA,0.548,0.632,0.35,0.438,0,0,NA,0.49,NA,NA,0.143,48,NA,0,NA,NA,1,0,adamsst01
Bam Adebayo,C,24,MIA,56,1825,0.557,7,NA,0.992,0.395,0.309,0.2,0.088,0.008,NA,0.562,0.771,0.467,0.404,0.313,0,NA,0.608,NA,NA,0.181,119,NA,0,NA,NA,2,0,adebaba01
Santi Aldama,PF,21,MEM,32,360,0.402,12,NA,0.636,0.333,0.205,0.091,0.008,0.364,NA,0.56,0.682,0.444,0.417,0,0.125,NA,0.638,1,NA,0.076,10,NA,0.229,0.364,NA,0,0,aldamsa01
LaMarcus Aldridge,C,36,BRK,47,1050,0.55,12.3,NA,0.9,0.21,0.17,0.24,0.279,0.1,NA,0.578,0.729,0.513,0.509,0.563,0.304,NA,0.748,1,NA,0.039,18,NA,0.283,0.308,NA,0,0,aldrila01
Grayson Allen,SG,26,MIL,66,1805,0.448,19.2,NA,0.316,0.158,0.097,0.047,0.014,0.684,NA,0.533,0.678,0.4,0.37,0.375,0.409,NA,0.646,0.912,NA,0.023,10,NA,0.26,0.455,NA,0,0,allengr01
Jarrett Allen,C,23,CLE,56,1809,0.677,3.8,NA,0.982,0.624,0.294,0.046,0.018,0.018,NA,0.688,0.809,0.469,0.48,0.6,0.1,NA,0.734,0,NA,0.343,164,NA,0.6,0,NA,0,0,allenja01
Jose Alvarado,PG,23,NOP,54,834,0.446,13.6,NA,0.626,0.235,0.248,0.099,0.044,0.374,NA,0.538,0.609,0.507,0.483,0.462,0.291,NA,0.303,0.969,NA,0,0,NA,0.227,0.32,NA,1,0,alvarjo01
Kyle Anderson,PF,28,MEM,69,1484,0.446,10.7,NA,0.768,0.279,0.303,0.141,0.045,0.232,NA,0.481,0.641,0.437,0.333,0.238,0.33,NA,0.514,0.972,NA,0.043,19,NA,0.422,0.435,NA,0,0,anderky01
Giannis Antetokounmpo,PF,27,MIL,67,2204,0.553,10,NA,0.806,0.406,0.198,0.12,0.082,0.194,NA,0.616,0.808,0.421,0.416,0.431,0.293,NA,0.432,0.423,NA,0.152,179,NA,0.025,0.167,NA,2,0,antetgi01
Thanasis Antetokounmpo,SF,29,MIL,48,473,0.547,5.3,NA,0.891,0.672,0.172,0.039,0.008,0.109,NA,0.596,0.686,0.318,0.2,1,0.143,NA,0.632,0.5,NA,0.227,25,NA,0.429,0.167,NA,1,0,antetth01
Carmelo Anthony,PF,37,LAL,69,1793,0.441,19.1,NA,0.451,0.101,0.066,0.152,0.131,0.549,NA,0.521,0.671,0.417,0.5,0.484,0.375,NA,0.482,0.919,NA,0.019,11,NA,0.171,0.412,NA,0,0,anthoca01
Cole Anthony,PG,21,ORL,65,2059,0.391,16.2,NA,0.571,0.147,0.214,0.095,0.115,0.429,NA,0.432,0.59,0.385,0.448,0.305,0.338,NA,0.24,0.667,NA,0.025,14,NA,0.087,0.324,NA,2,0,anthoco01
OG Anunoby,SF,24,TOR,48,1728,0.443,15.1,NA,0.545,0.263,0.125,0.08,0.077,0.455,NA,0.511,0.689,0.356,0.393,0.278,0.363,NA,0.464,0.87,NA,0.109,62,NA,0.293,0.484,NA,0,0,anunoog01
Ryan Arcidiacono,PG,27,NYK,10,76,0.5,21.5,NA,0.25,0,0.083,0.167,0,0.75,NA,0.667,NA,1,0.5,NA,0.444,NA,1,1,NA,0,0,NA,0.222,0.5,NA,0,0,arcidry01
Trevor Ariza,SF,36,LAL,24,462,0.333,19.3,NA,0.253,0.162,0.081,0.01,0,0.747,NA,0.52,0.688,0.25,0,NA,0.27,NA,0.769,1,NA,0.01,1,NA,0.365,0.185,NA,0,0,arizatr01
Deni Avdija,SF,21,WAS,82,1984,0.432,14.4,NA,0.553,0.221,0.261,0.04,0.031,0.447,NA,0.525,0.633,0.464,0.435,0.389,0.317,NA,0.589,0.939,NA,0.022,7,NA,0.247,0.266,NA,1,0,avdijde01
Joel Ayayi,SG,21,WAS,7,20,0.167,12.6,NA,0.833,0.167,0.333,0.167,0.167,0.167,NA,0.2,0,0,1,0,0,NA,0,NA,NA,0,0,NA,0,NA,NA,0,0,ayayijo01
Deandre Ayton,C,23,PHO,58,1713,0.634,7,NA,0.973,0.333,0.397,0.184,0.059,0.027,NA,0.642,0.793,0.588,0.555,0.415,0.368,NA,0.809,1,NA,0.145,95,NA,0,NA,NA,0,0,aytonde01
Udoka Azubuike,C,22,UTA,17,195,0.755,2.8,NA,1,0.694,0.286,0.02,0,0,NA,0.755,0.824,0.643,0,NA,NA,NA,0.892,NA,NA,0.571,26,NA,NA,NA,NA,0,0,azubuud01
LaMelo Ball,PG,20,CHO,75,2422,0.429,15.9,NA,0.549,0.204,0.176,0.104,0.065,0.451,NA,0.462,0.582,0.398,0.389,0.37,0.389,NA,0.264,0.75,NA,0.023,24,NA,0.152,0.407,NA,2,0,ballla01
Lonzo Ball,PG,24,CHI,35,1212,0.423,19.9,NA,0.321,0.154,0.047,0.057,0.063,0.679,NA,0.423,0.61,0.333,0.273,0.167,0.423,NA,0.404,0.845,NA,0.018,6,NA,0.235,0.475,NA,2,0,balllo01
Mo Bamba,C,23,ORL,71,1824,0.48,14.3,NA,0.545,0.285,0.157,0.045,0.057,0.455,NA,0.563,0.727,0.433,0.286,0.314,0.381,NA,0.566,0.991,NA,0.159,85,NA,0.27,0.303,NA,0,0,bambamo01
Desmond Bane,SG,23,MEM,76,2266,0.461,16.8,NA,0.525,0.153,0.156,0.116,0.099,0.475,NA,0.484,0.669,0.384,0.438,0.413,0.436,NA,0.596,0.833,NA,0.005,6,NA,0.184,0.385,NA,1,0,banede01
Dalano Banton,PG,22,TOR,64,696,0.411,11,NA,0.748,0.332,0.233,0.119,0.064,0.252,NA,0.464,0.612,0.362,0.292,0.385,0.255,NA,0.329,0.769,NA,0.03,6,NA,0.235,0.25,NA,1,1,bantoda01
Cat Barber,PG,27,ATL,3,13,0,9.6,NA,1,0.5,0,0,0.5,0,NA,0,0,NA,NA,0,NA,NA,NA,NA,NA,0,0,NA,NA,NA,NA,0,0,barbeca01
Harrison Barnes,PF,29,SAC,77,2587,0.469,13.5,NA,0.568,0.237,0.283,0.041,0.007,0.432,NA,0.525,0.682,0.403,0.471,0.5,0.394,NA,0.566,0.951,NA,0.034,25,NA,0.308,0.486,NA,0,0,barneha02
Scottie Barnes,PF,20,TOR,74,2617,0.492,10.9,NA,0.793,0.264,0.325,0.116,0.088,0.207,NA,0.543,0.711,0.502,0.398,0.378,0.301,NA,0.429,0.845,NA,0.075,62,NA,0.28,0.37,NA,4,1,barnesc01
RJ Barrett,SF,21,NYK,70,2417,0.408,12,NA,0.662,0.309,0.243,0.068,0.042,0.338,NA,0.442,0.596,0.307,0.309,0.3,0.342,NA,0.398,0.913,NA,0.04,40,NA,0.248,0.31,NA,1,0,barrerj01
Will Barton,SG,31,DEN,71,2277,0.438,16,NA,0.52,0.186,0.18,0.067,0.087,0.48,NA,0.504,0.701,0.398,0.433,0.359,0.365,NA,0.498,0.771,NA,0.027,23,NA,0.216,0.441,NA,1,0,bartowi01
Paris Bass,SF,26,PHO,2,7,0.333,11.7,NA,0.667,0.333,0.333,0,0,0.333,NA,0.5,1,0,NA,NA,0,NA,0.5,NA,NA,0.167,1,NA,0,NA,NA,0,0,basspa01
Charles Bassey,C,21,PHI,23,168,0.638,5.6,NA,0.915,0.574,0.213,0.106,0.021,0.085,NA,0.698,0.741,0.7,0.6,0,0,NA,0.667,NA,NA,0.319,13,NA,0.25,0,NA,0,0,bassech01
Keita Bates-Diop,SF,26,SAS,59,956,0.517,8.4,NA,0.791,0.502,0.198,0.046,0.046,0.209,NA,0.572,0.682,0.385,0.5,0.25,0.309,NA,0.756,0.941,NA,0.072,19,NA,0.455,0.32,NA,0,0,bateske01
Nicolas Batum,PF,33,LAC,59,1462,0.463,20.2,NA,0.302,0.121,0.044,0.057,0.08,0.698,NA,0.607,0.809,0.412,0.636,0.387,0.4,NA,0.831,0.972,NA,0.047,14,NA,0.315,0.471,NA,0,0,batumni01
Kent Bazemore,SF,32,LAL,39,545,0.324,18.1,NA,0.424,0.173,0.094,0.058,0.101,0.576,NA,0.271,0.333,0.308,0.125,0.214,0.363,NA,0.813,0.931,NA,0.014,1,NA,0.525,0.405,NA,2,0,bazemke01
Darius Bazley,PF,21,OKC,69,1924,0.422,12.7,NA,0.586,0.307,0.251,0.011,0.017,0.414,NA,0.511,0.613,0.405,0.571,0.182,0.297,NA,0.639,0.95,NA,0.143,77,NA,0.245,0.333,NA,1,0,bazleda01
Bradley Beal,SG,28,WAS,40,1439,0.451,13.1,NA,0.728,0.197,0.252,0.171,0.108,0.272,NA,0.508,0.697,0.407,0.47,0.458,0.3,NA,0.365,0.603,NA,0.017,13,NA,0.238,0.38,NA,0,0,bealbr01
Malik Beasley,SG,25,MIN,79,1976,0.391,20.8,NA,0.251,0.088,0.066,0.052,0.045,0.749,NA,0.432,0.587,0.357,0.341,0.342,0.377,NA,0.652,0.904,NA,0.02,16,NA,0.317,0.406,NA,4,0,beaslma01
Jordan Bell,C,27,CHI,1,2,NA,NA,NA,NA,NA,NA,NA,NA,NA,NA,NA,NA,NA,NA,NA,NA,NA,NA,NA,NA,NA,0,NA,NA,NA,NA,0,0,belljo01
Patrick Beverley,PG,33,MIN,58,1476,0.406,16.6,NA,0.445,0.17,0.206,0.05,0.018,0.555,NA,0.485,0.568,0.433,0.545,0.125,0.343,NA,0.255,0.783,NA,0,0,NA,0.227,0.473,NA,1,0,beverpa01
Saddiq Bey,SF,22,DET,82,2704,0.396,17.4,NA,0.463,0.166,0.157,0.072,0.068,0.537,NA,0.454,0.619,0.348,0.329,0.429,0.346,NA,0.431,0.891,NA,0.021,23,NA,0.252,0.403,NA,9,0,beysa01
Khem Birch,C,29,TOR,55,991,0.485,6.4,NA,0.93,0.405,0.36,0.16,0.005,0.07,NA,0.522,0.593,0.5,0.406,0,0,NA,0.804,NA,NA,0.135,24,NA,0.857,0,NA,0,0,birchkh01
Goga Bitadze,C,22,IND,50,729,0.52,10.4,NA,0.683,0.468,0.175,0.032,0.008,0.317,NA,0.628,0.737,0.409,0.375,0,0.288,NA,0.694,1,NA,0.119,26,NA,0.063,0.2,NA,0,0,bitadgo01
Bismack Biyombo,C,29,PHO,36,506,0.593,4.3,NA,1,0.517,0.393,0.083,0.007,0,NA,0.593,0.747,0.474,0.25,0,NA,NA,0.744,NA,NA,0.234,34,NA,NA,NA,NA,0,0,biyombi01
Nemanja Bjelica,C,33,GSW,71,1142,0.468,14.1,NA,0.564,0.26,0.26,0.023,0.02,0.436,NA,0.549,0.674,0.438,0.5,0.429,0.362,NA,0.689,0.944,NA,0.026,9,NA,0.128,0.368,NA,0,0,bjeline01
Eric Bledsoe,PG,32,LAC,54,1361,0.421,14.2,NA,0.652,0.231,0.194,0.107,0.12,0.348,NA,0.479,0.611,0.462,0.44,0.286,0.313,NA,0.301,0.902,NA,0.002,1,NA,0.129,0.333,NA,2,0,bledser01
Keljin Blevins,SF,26,POR,31,349,0.306,18.4,NA,0.351,0.207,0.063,0.027,0.054,0.649,NA,0.333,0.391,0.286,0,0.333,0.292,NA,0.615,0.857,NA,0.018,1,NA,0.319,0.217,NA,0,0,blevike01
Bogdan Bogdanović,SG,29,ATL,63,1848,0.431,18.6,NA,0.422,0.113,0.115,0.108,0.086,0.578,NA,0.516,0.622,0.44,0.523,0.471,0.368,NA,0.382,0.793,NA,0.005,3,NA,0.231,0.453,NA,3,0,bogdabo01
Bojan Bogdanović,PF,32,UTA,69,2131,0.455,15.6,NA,0.496,0.147,0.25,0.084,0.015,0.504,NA,0.524,0.684,0.483,0.41,0.286,0.387,NA,0.568,0.917,NA,0.016,11,NA,0.376,0.42,NA,0,0,bogdabo02
Bol Bol,PF,22,DEN,14,81,0.556,10.6,NA,0.852,0.296,0.185,0.296,0.074,0.148,NA,0.609,0.875,0.8,0.375,0,0.25,NA,1,1,NA,0.222,5,NA,0.25,0,NA,0,0,bolbo01
Leandro Bolmaro,SF,21,MIN,35,241,0.315,13.7,NA,0.667,0.352,0.111,0.074,0.13,0.333,NA,0.333,0.474,0.167,0.5,0,0.278,NA,0.583,0.8,NA,0.037,2,NA,0.222,0.25,NA,1,0,bolmale01
Isaac Bonga,SF,22,TOR,15,69,0.231,11,NA,0.692,0.385,0.231,0,0.077,0.308,NA,0.222,0.2,0.333,NA,0,0.25,NA,0.5,1,NA,0,0,NA,1,0.25,NA,0,0,bongais01
Devin Booker,SG,25,PHO,68,2345,0.466,16.1,NA,0.664,0.11,0.158,0.224,0.171,0.336,NA,0.508,0.694,0.476,0.469,0.469,0.383,NA,0.399,0.634,NA,0.016,21,NA,0.123,0.356,NA,2,0,bookede01
Brandon Boston Jr.,SG,20,LAC,51,760,0.385,14.7,NA,0.658,0.258,0.126,0.123,0.151,0.342,NA,0.425,0.631,0.122,0.45,0.306,0.306,NA,0.615,0.588,NA,0.062,15,NA,0.207,0.391,NA,3,0,bostobr01
Chris Boucher,SF,29,TOR,80,1690,0.464,12.1,NA,0.603,0.43,0.113,0.026,0.035,0.397,NA,0.575,0.661,0.4,0.4,0.2,0.297,NA,0.67,0.985,NA,0.128,67,NA,0.275,0.429,NA,1,0,bouchch01
James Bouknight,SG,21,CHO,31,304,0.348,12,NA,0.652,0.333,0.241,0.043,0.035,0.348,NA,0.348,0.553,0.147,0,0.2,0.347,NA,0.438,0.765,NA,0.028,4,NA,0.224,0.364,NA,0,0,bouknja01
Avery Bradley,SG,31,LAL,62,1406,0.423,18.1,NA,0.4,0.137,0.091,0.083,0.089,0.6,NA,0.471,0.604,0.281,0.483,0.452,0.39,NA,0.636,0.939,NA,0.003,1,NA,0.538,0.381,NA,0,0,bradlav01
Tony Bradley,C,24,CHI,55,549,0.585,3.9,NA,1,0.626,0.252,0.065,0.057,0,NA,0.585,0.649,0.484,0.375,0.571,NA,NA,0.75,NA,NA,0.138,13,NA,NA,NA,NA,0,0,bradlto01
Ignas Brazdeikis,SF,23,ORL,42,536,0.431,14,NA,0.537,0.293,0.202,0.027,0.016,0.463,NA,0.535,0.636,0.421,0.2,0.667,0.31,NA,0.574,0.926,NA,0.005,0,NA,0.333,0.31,NA,0,0,brazdig01
Mikal Bridges,SF,25,PHO,82,2854,0.534,13.3,NA,0.636,0.227,0.205,0.159,0.045,0.364,NA,0.628,0.795,0.619,0.507,0.256,0.369,NA,0.764,0.983,NA,0.066,54,NA,0.561,0.4,NA,0,0,bridgmi01
Miles Bridges,PF,23,CHO,80,2837,0.491,12.4,NA,0.617,0.357,0.212,0.02,0.029,0.383,NA,0.59,0.723,0.412,0.458,0.343,0.331,NA,0.597,0.825,NA,0.107,118,NA,0.275,0.344,NA,6,0,bridgmi02
Oshae Brissett,SF,23,IND,67,1564,0.411,13.9,NA,0.532,0.326,0.152,0.024,0.03,0.468,NA,0.465,0.582,0.299,0.167,0.267,0.35,NA,0.672,0.964,NA,0.075,32,NA,0.329,0.372,NA,2,0,brissos01
Malcolm Brogdon,PG,29,IND,36,1206,0.448,13.2,NA,0.657,0.285,0.192,0.103,0.077,0.343,NA,0.518,0.632,0.452,0.411,0.405,0.312,NA,0.249,0.586,NA,0.009,4,NA,0.167,0.323,NA,1,0,brogdma01
Dillon Brooks,SF,26,MEM,32,885,0.432,13.3,NA,0.717,0.196,0.249,0.186,0.086,0.283,NA,0.48,0.68,0.389,0.398,0.467,0.309,NA,0.47,0.826,NA,0.029,12,NA,0.161,0.375,NA,3,0,brookdi01
Bruce Brown,SF,25,BRK,72,1774,0.506,8.4,NA,0.814,0.393,0.302,0.103,0.016,0.186,NA,0.529,0.693,0.379,0.404,0.125,0.404,NA,0.743,0.974,NA,0.071,34,NA,0.649,0.41,NA,0,0,brownbr01
Greg Brown III,SF,20,POR,48,640,0.426,10.7,NA,0.679,0.447,0.158,0.016,0.058,0.321,NA,0.481,0.635,0.2,0.333,0.091,0.311,NA,0.645,1,NA,0.263,41,NA,0.377,0.261,NA,0,0,browngr01
Jaylen Brown,SF,25,BOS,66,2220,0.473,14.5,NA,0.619,0.2,0.234,0.094,0.091,0.381,NA,0.544,0.765,0.425,0.474,0.441,0.358,NA,0.471,0.759,NA,0.034,31,NA,0.185,0.337,NA,2,0,brownja02
Sterling Brown,SG,26,DAL,49,628,0.381,17.1,NA,0.406,0.206,0.116,0.039,0.045,0.594,NA,0.492,0.625,0.278,0.333,0.571,0.304,NA,0.774,0.857,NA,0.013,0,NA,0.5,0.239,NA,1,0,brownst02
Troy Brown Jr.,SF,22,CHI,66,1055,0.419,15,NA,0.484,0.283,0.132,0.027,0.043,0.516,NA,0.488,0.562,0.412,0.143,0.455,0.353,NA,0.672,0.957,NA,0.027,5,NA,0.594,0.342,NA,2,0,browntr01
Jalen Brunson,SG,25,DAL,79,2524,0.502,13.1,NA,0.75,0.147,0.288,0.189,0.126,0.25,NA,0.545,0.703,0.524,0.518,0.449,0.373,NA,0.262,0.809,NA,0.005,5,NA,0.298,0.507,NA,0,0,brunsja01
Thomas Bryant,C,24,WAS,27,439,0.52,11.5,NA,0.716,0.385,0.169,0.034,0.128,0.284,NA,0.613,0.754,0.48,0.2,0.474,0.286,NA,0.738,1,NA,0.223,30,NA,0.167,0.286,NA,0,0,bryanth01
Shaq Buchanan,SG,25,MEM,2,10,0.25,13.6,NA,0.5,0.5,0,0,0,0.5,NA,0.5,0.5,NA,NA,NA,0,NA,1,NA,NA,0,0,NA,0,NA,NA,0,0,buchash01
Reggie Bullock,SF,30,DAL,68,1902,0.401,20.9,NA,0.218,0.096,0.048,0.032,0.042,0.782,NA,0.55,0.688,0.292,0.688,0.429,0.36,NA,0.767,0.986,NA,0.004,2,NA,0.446,0.406,NA,0,0,bullore01
Trey Burke,PG,29,DAL,42,441,0.391,17,NA,0.619,0.098,0.163,0.126,0.233,0.381,NA,0.436,0.714,0.429,0.444,0.32,0.317,NA,0.259,0.846,NA,0,0,NA,0.146,0.583,NA,0,0,burketr01
Alec Burks,SG,30,NYK,81,2318,0.391,17.4,NA,0.466,0.124,0.165,0.111,0.066,0.534,NA,0.378,0.444,0.342,0.358,0.375,0.404,NA,0.43,0.752,NA,0.004,3,NA,0.226,0.432,NA,0,0,burksal01
Jared Butler,SG,21,UTA,42,360,0.404,18.4,NA,0.417,0.066,0.232,0.066,0.053,0.583,NA,0.524,0.6,0.429,0.6,0.75,0.318,NA,0.182,0.5,NA,0,0,NA,0.114,0.3,NA,1,0,butleja02
Jimmy Butler,SF,32,MIA,57,1931,0.48,9.6,NA,0.86,0.306,0.291,0.195,0.068,0.14,NA,0.52,0.701,0.415,0.457,0.339,0.233,NA,0.377,0.778,NA,0.051,38,NA,0.466,0.278,NA,2,0,butleji01
Devontae Cacok,PF,25,SAS,15,121,0.677,4.6,NA,1,0.387,0.484,0.129,0,0,NA,0.677,0.833,0.533,0.75,NA,NA,NA,0.667,NA,NA,0.097,3,NA,NA,NA,NA,0,0,cacokde01
Kentavious Caldwell-Pope,SG,28,WAS,77,2329,0.435,18.1,NA,0.508,0.105,0.117,0.112,0.175,0.492,NA,0.48,0.678,0.361,0.43,0.469,0.39,NA,0.619,0.912,NA,0.011,6,NA,0.346,0.468,NA,0,0,caldwke01
Facundo Campazzo,PG,30,DEN,65,1184,0.361,19.4,NA,0.348,0.149,0.142,0.041,0.017,0.652,NA,0.476,0.614,0.381,0.25,0.6,0.301,NA,0.388,0.741,NA,0.003,0,NA,0.197,0.289,NA,9,0,campafa01
Vlatko Čančar,PF,24,DEN,15,176,0.561,10.6,NA,0.707,0.39,0.195,0.098,0.024,0.293,NA,0.552,0.75,0.375,0.25,0,0.583,NA,0.938,1,NA,0.049,2,NA,0.417,0.4,NA,0,0,cancavl01
Devin Cannady,PG,25,ORL,5,145,0.341,22.5,NA,0.159,0.045,0.045,0.045,0.023,0.841,NA,0,0,0,0,0,0.405,NA,NA,1,NA,0,0,NA,0.297,0.636,NA,0,0,cannade01
Clint Capela,C,27,ATL,74,2042,0.613,2.2,NA,0.998,0.765,0.225,0.007,0.002,0.002,NA,0.614,0.684,0.382,0.5,0,0,NA,0.765,NA,NA,0.295,164,NA,0,NA,NA,1,0,capelca01
Wendell Carter Jr.,PF,22,ORL,62,1852,0.525,12.1,NA,0.687,0.327,0.202,0.101,0.057,0.313,NA,0.615,0.781,0.457,0.478,0.462,0.327,NA,0.609,1,NA,0.143,90,NA,0.103,0.364,NA,1,0,cartewe01
Alex Caruso,SG,27,CHI,41,1147,0.398,15.4,NA,0.508,0.258,0.145,0.043,0.063,0.492,NA,0.462,0.591,0.324,0.364,0.313,0.333,NA,0.567,0.929,NA,0.023,4,NA,0.373,0.383,NA,2,0,carusal01
Ahmad Caver,SG,25,IND,1,1,1,1.8,NA,1,1,0,0,0,0,NA,1,1,NA,NA,NA,NA,NA,1,NA,NA,0,0,NA,NA,NA,NA,0,0,caverah01
Justin Champagnie,SF,20,TOR,36,281,0.463,11.7,NA,0.582,0.358,0.209,0.015,0,0.418,NA,0.538,0.625,0.429,0,NA,0.357,NA,0.571,1,NA,0.06,3,NA,0.536,0.333,NA,0,0,champju01
Zylan Cheatham,SF,26,UTA,1,5,0,17.2,NA,0.333,0.333,0,0,0,0.667,NA,0,0,NA,NA,NA,0,NA,NA,NA,NA,0,0,NA,0.5,0,NA,0,0,cheatzy01
Chris Chiozza,PG,26,GSW,34,372,0.296,19.4,NA,0.346,0.111,0.136,0.049,0.049,0.654,NA,0.25,0.222,0.273,0,0.5,0.321,NA,0.143,0.765,NA,0,0,NA,0.245,0.231,NA,0,0,chiozch01
Marquese Chriss,PF,24,DAL,34,346,0.463,7.8,NA,0.813,0.53,0.254,0.015,0.015,0.187,NA,0.495,0.592,0.265,1,0.5,0.32,NA,0.833,1,NA,0.269,27,NA,0.2,0.4,NA,1,0,chrisma01
Josh Christopher,SG,20,HOU,74,1334,0.448,13.3,NA,0.622,0.3,0.188,0.114,0.02,0.378,NA,0.54,0.647,0.532,0.333,0.2,0.296,NA,0.423,0.768,NA,0.078,35,NA,0.217,0.317,NA,6,0,chrisjo01
Gary Clark,PF,27,NOP,38,378,0.375,20.1,NA,0.205,0.091,0.102,0.011,0,0.795,NA,0.278,0.125,0.444,0,NA,0.4,NA,0.8,0.964,NA,0.011,0,NA,0.571,0.5,NA,0,0,clarkga01
Brandon Clarke,PF,25,MEM,64,1246,0.644,5.4,NA,0.951,0.508,0.311,0.116,0.016,0.049,NA,0.666,0.775,0.568,0.462,0.571,0.227,NA,0.7,1,NA,0.181,77,NA,0.682,0.2,NA,0,0,clarkbr01
Jordan Clarkson,SG,29,UTA,79,2141,0.419,16.9,NA,0.464,0.099,0.272,0.075,0.018,0.536,NA,0.535,0.627,0.515,0.554,0.25,0.318,NA,0.221,0.674,NA,0.012,8,NA,0.193,0.348,NA,2,0,clarkjo01
Nic Claxton,C,22,BRK,47,974,0.674,2.5,NA,1,0.697,0.284,0.019,0,0,NA,0.674,0.815,0.347,0.4,NA,NA,NA,0.736,NA,NA,0.356,88,NA,NA,NA,NA,0,0,claxtni01
Amir Coffey,SG,24,LAC,69,1567,0.453,16.8,NA,0.455,0.165,0.167,0.077,0.045,0.545,NA,0.542,0.779,0.449,0.417,0.238,0.378,NA,0.591,0.938,NA,0.034,14,NA,0.291,0.365,NA,1,0,coffeam01
John Collins,PF,24,ATL,54,1663,0.526,11,NA,0.727,0.334,0.211,0.127,0.054,0.273,NA,0.588,0.753,0.463,0.439,0.4,0.364,NA,0.793,0.984,NA,0.146,85,NA,0.318,0.375,NA,0,0,collijo01
Zach Collins,C,24,SAS,28,502,0.49,11,NA,0.735,0.29,0.316,0.065,0.065,0.265,NA,0.544,0.756,0.347,0.5,0.6,0.341,NA,0.742,1,NA,0.039,6,NA,0.049,0.5,NA,0,0,colliza01
Darren Collison,PG,34,LAL,3,37,0.286,16.1,NA,0.571,0.286,0,0,0.286,0.429,NA,0.5,1,NA,NA,0,0,NA,1,NA,NA,0,0,NA,1,0,NA,0,0,collida01
Mike Conley,PG,34,UTA,72,2058,0.435,17.1,NA,0.477,0.075,0.268,0.109,0.025,0.523,NA,0.464,0.559,0.453,0.442,0.4,0.408,NA,0.257,0.521,NA,0.001,0,NA,0.167,0.391,NA,1,0,conlemi01
Pat Connaughton,SF,29,MIL,65,1691,0.458,20.2,NA,0.254,0.161,0.065,0.022,0.006,0.746,NA,0.643,0.725,0.5,0.636,0,0.395,NA,0.778,0.952,NA,0.018,8,NA,0.295,0.45,NA,1,0,connapa01
Tyler Cook,PF,24,CHI,20,200,0.605,2.2,NA,1,0.684,0.316,0,0,0,NA,0.605,0.692,0.417,NA,NA,NA,NA,0.783,NA,NA,0.395,14,NA,NA,NA,NA,0,0,cookty01
Sharife Cooper,PG,20,ATL,13,39,0.214,11.6,NA,0.571,0.5,0.071,0,0,0.429,NA,0.25,0.143,1,NA,NA,0.167,NA,0.5,0,NA,0,0,NA,0.333,0,NA,0,0,coopesh01
Petr Cornelie,PF,26,DEN,13,38,0.333,15.9,NA,0.467,0.333,0.067,0,0.067,0.533,NA,0.571,0.6,1,NA,0,0.125,NA,1,1,NA,0.267,2,NA,0.375,0,NA,0,0,cornepe01
Jae Crowder,PF,31,PHO,67,1886,0.399,20.8,NA,0.329,0.059,0.094,0.079,0.097,0.671,NA,0.503,0.656,0.431,0.488,0.491,0.348,NA,0.822,0.929,NA,0.004,2,NA,0.214,0.423,NA,2,0,crowdja01
Jarrett Culver,SG,22,MEM,37,338,0.378,13.5,NA,0.652,0.259,0.193,0.081,0.119,0.348,NA,0.443,0.543,0.346,0.364,0.438,0.255,NA,0.41,0.833,NA,0.044,4,NA,0.191,0.222,NA,0,0,culveja01
Jarron Cumberland,SG,24,POR,3,12,0.5,15.8,NA,0.5,0.5,0,0,0,0.5,NA,1,1,NA,NA,NA,0,NA,1,NA,NA,0,0,NA,0,NA,NA,0,0,cumbeja01
Cade Cunningham,SG,20,DET,64,2088,0.416,13.8,NA,0.648,0.214,0.249,0.113,0.072,0.352,NA,0.472,0.588,0.432,0.431,0.324,0.314,NA,0.235,0.711,NA,0.02,19,NA,0.143,0.365,NA,2,0,cunnica01
Stephen Curry,PG,33,GSW,64,2211,0.437,19.8,NA,0.387,0.12,0.134,0.062,0.071,0.613,NA,0.527,0.599,0.53,0.513,0.414,0.38,NA,0.368,0.572,NA,0,0,NA,0.091,0.324,NA,5,0,curryst01
Anthony Davis,C,28,LAL,40,1404,0.532,9.6,NA,0.899,0.376,0.193,0.15,0.181,0.101,NA,0.571,0.793,0.485,0.317,0.413,0.186,NA,0.647,0.846,NA,0.177,111,NA,0.1,0.429,NA,0,0,davisan02
Ed Davis,C,32,CLE,31,201,0.688,2.3,NA,1,0.75,0.25,0,0,0,NA,0.688,0.75,0.5,NA,NA,NA,NA,0.727,NA,NA,0.125,2,NA,NA,NA,NA,0,0,davised01
Terence Davis,SG,24,SAC,30,536,0.423,16.3,NA,0.442,0.221,0.157,0.034,0.03,0.558,NA,0.542,0.712,0.357,0.333,0.5,0.329,NA,0.563,0.796,NA,0.037,7,NA,0.208,0.355,NA,1,0,daviste02
Gabriel Deck,PF,26,OKC,7,56,0.571,11.9,NA,0.714,0.357,0.071,0.214,0.071,0.286,NA,0.6,0.6,1,0.667,0,0.5,NA,0.667,1,NA,0,0,NA,0.5,1,NA,0,0,deckga01
Dewayne Dedmon,C,32,MIA,67,1065,0.566,8.2,NA,0.838,0.441,0.286,0.069,0.041,0.162,NA,0.597,0.695,0.53,0.45,0.25,0.404,NA,0.71,0.947,NA,0.121,30,NA,0.106,0.4,NA,1,0,dedmode01
Sam Dekker,PF,27,TOR,1,1,NA,NA,NA,NA,NA,NA,NA,NA,NA,NA,NA,NA,NA,NA,NA,NA,NA,NA,NA,NA,NA,0,NA,NA,NA,NA,0,0,dekkesa01
Javin DeLaurier,C,23,MIL,1,3,NA,NA,NA,NA,NA,NA,NA,NA,NA,NA,NA,NA,NA,NA,NA,NA,NA,NA,NA,NA,NA,0,NA,NA,NA,NA,0,0,delauja01
DeMar DeRozan,PF,32,CHI,76,2743,0.504,13,NA,0.907,0.164,0.158,0.297,0.288,0.093,NA,0.52,0.671,0.494,0.511,0.457,0.352,NA,0.217,0.9,NA,0.026,33,NA,0.387,0.327,NA,4,0,derozde01
Mamadi Diakite,PF,25,OKC,13,188,0.532,6.8,NA,0.894,0.426,0.34,0.106,0.021,0.106,NA,0.595,0.6,0.688,0.4,0,0,NA,0.84,NA,NA,0.255,10,NA,0.4,0,NA,0,0,diakima01
Cheick Diallo,C,25,DET,3,31,0.375,3.1,NA,1,0.375,0.625,0,0,0,NA,0.375,0.667,0.2,NA,NA,NA,NA,0.333,NA,NA,0.125,1,NA,NA,NA,NA,0,0,diallch01
Hamidou Diallo,SG,23,DET,58,1269,0.496,9.5,NA,0.823,0.333,0.3,0.122,0.068,0.177,NA,0.55,0.691,0.5,0.391,0.361,0.247,NA,0.517,0.913,NA,0.101,51,NA,0.505,0.277,NA,2,0,diallha01
Gorgui Dieng,C,32,ATL,44,371,0.473,19.2,NA,0.393,0.134,0.071,0.089,0.098,0.607,NA,0.545,0.733,0.375,0.6,0.364,0.426,NA,0.833,0.931,NA,0.018,2,NA,0.074,0.4,NA,0,0,dienggo01
Luka Doncic,PG,22,DAL,65,2301,0.457,15.9,NA,0.594,0.128,0.239,0.165,0.062,0.406,NA,0.528,0.778,0.499,0.44,0.356,0.353,NA,0.107,0.219,NA,0.006,7,NA,0.049,0.286,NA,2,0,doncilu01
Luguentz Dort,SG,22,OKC,51,1665,0.404,16.4,NA,0.461,0.197,0.204,0.029,0.032,0.539,NA,0.487,0.615,0.419,0.238,0.348,0.332,NA,0.491,0.877,NA,0.037,24,NA,0.143,0.429,NA,1,0,dortlu01
Ayo Dosunmu,SG,22,CHI,77,2110,0.52,12.3,NA,0.652,0.368,0.114,0.097,0.073,0.348,NA,0.596,0.701,0.377,0.481,0.564,0.376,NA,0.572,0.986,NA,0.045,20,NA,0.489,0.407,NA,1,1,dosunay01
Damyean Dotson,SG,27,NYK,2,21,0.5,11.3,NA,0.75,0.25,0.25,0.25,0,0.25,NA,0.667,1,0,1,NA,0,NA,0.5,NA,NA,0,0,NA,1,0,NA,0,0,dotsoda01
Devon Dotson,PG,22,CHI,11,85,0.478,12.2,NA,0.609,0.478,0,0.13,0,0.391,NA,0.643,0.818,NA,0,NA,0.222,NA,0.556,1,NA,0,0,NA,0.333,0,NA,0,0,dotsode01
Sekou Doumbouya,PF,21,LAL,2,16,0.625,8.9,NA,0.75,0.5,0.25,0,0,0.25,NA,0.667,1,0,NA,NA,0.5,NA,0.5,1,NA,0,0,NA,0,NA,NA,0,0,doumbse01
PJ Dozier,SG,25,DEN,18,340,0.364,17.2,NA,0.515,0.141,0.141,0.081,0.152,0.485,NA,0.412,0.714,0.143,0.5,0.333,0.313,NA,0.333,0.867,NA,0.051,4,NA,0.271,0.154,NA,0,0,doziepj01
Chris Duarte,SG,24,IND,55,1541,0.432,15.5,NA,0.589,0.203,0.135,0.148,0.103,0.411,NA,0.475,0.627,0.369,0.38,0.453,0.369,NA,0.477,0.787,NA,0.027,15,NA,0.282,0.375,NA,4,0,duartch01
David Duke Jr.,PG,22,BRK,22,341,0.361,10.6,NA,0.657,0.463,0.13,0.028,0.037,0.343,NA,0.423,0.5,0.214,0,0.5,0.243,NA,0.567,1,NA,0.093,10,NA,0.541,0.3,NA,0,0,dukeda01
Kris Dunn,PG,27,POR,14,336,0.431,9.1,NA,0.892,0.275,0.412,0.108,0.098,0.108,NA,0.473,0.607,0.405,0.455,0.4,0.091,NA,0.14,1,NA,0.049,4,NA,0,NA,NA,0,0,dunnkr01
Kevin Durant,PF,33,BRK,55,2047,0.518,15.1,NA,0.731,0.109,0.143,0.319,0.161,0.269,NA,0.568,0.744,0.516,0.528,0.575,0.383,NA,0.499,0.557,NA,0.033,34,NA,0.067,0.55,NA,0,0,duranke01
Jaime Echenique,C,24,WAS,1,3,NA,NA,NA,NA,NA,NA,NA,NA,NA,NA,NA,NA,NA,NA,NA,NA,NA,NA,NA,NA,NA,0,NA,NA,NA,NA,0,0,echenja01
Anthony Edwards,SG,20,MIN,72,2466,0.441,15.2,NA,0.516,0.282,0.129,0.055,0.051,0.484,NA,0.519,0.658,0.356,0.338,0.359,0.357,NA,0.365,0.553,NA,0.055,58,NA,0.086,0.327,NA,2,0,edwaran01
Carsen Edwards,SG,23,DET,4,79,0.3,17.6,NA,0.467,0.233,0.067,0.1,0.067,0.533,NA,0.357,0.286,0,0.333,1,0.25,NA,0.4,0.25,NA,0,0,NA,0.063,1,NA,0,0,edwarca01
Kessler Edwards,SF,21,BRK,48,987,0.412,15.4,NA,0.491,0.266,0.116,0.071,0.037,0.509,NA,0.473,0.493,0.387,0.526,0.5,0.353,NA,0.645,1,NA,0.094,18,NA,0.456,0.371,NA,1,0,edwarke02
Rob Edwards,SG,25,OKC,2,11,0.25,24.3,NA,0,0,0,0,0,1,NA,NA,NA,NA,NA,NA,0.25,NA,NA,0,NA,0,0,NA,0.5,0,NA,0,0,edwarro01
CJ Elleby,SF,21,POR,58,1174,0.393,13.4,NA,0.591,0.312,0.169,0.075,0.036,0.409,NA,0.462,0.615,0.231,0.478,0.182,0.294,NA,0.631,0.973,NA,0.036,10,NA,0.317,0.225,NA,1,0,ellebcj01
Wayne Ellington,SG,34,LAL,43,810,0.414,23.4,NA,0.11,0.042,0.025,0.03,0.013,0.89,NA,0.615,0.8,0.667,0.429,0.333,0.389,NA,0.875,0.951,NA,0,0,NA,0.28,0.475,NA,0,0,ellinwa01
Joel Embiid,C,27,PHI,68,2297,0.499,11.9,NA,0.812,0.253,0.194,0.24,0.124,0.188,NA,0.529,0.763,0.409,0.431,0.428,0.371,NA,0.513,0.71,NA,0.06,74,NA,0.048,0.25,NA,1,0,embiijo01
Tacko Fall,C,26,CLE,11,59,0.417,3.2,NA,1,0.667,0.333,0,0,0,NA,0.417,0.625,0,NA,NA,NA,NA,0.6,NA,NA,0.25,2,NA,NA,NA,NA,0,0,fallta01
Derrick Favors,C,30,OKC,39,653,0.516,9.7,NA,0.912,0.341,0.165,0.231,0.176,0.088,NA,0.554,0.694,0.433,0.548,0.406,0.125,NA,0.837,1,NA,0.077,12,NA,0.875,0.071,NA,0,0,favorde01
Dorian Finney-Smith,PF,28,DAL,80,2644,0.471,17,NA,0.371,0.233,0.098,0.025,0.016,0.629,NA,0.599,0.752,0.324,0.471,0.273,0.395,NA,0.766,0.983,NA,0.082,49,NA,0.414,0.461,NA,2,0,finnedo01
Malachi Flynn,PG,23,TOR,44,537,0.393,18.2,NA,0.508,0.12,0.153,0.077,0.158,0.492,NA,0.452,0.545,0.464,0.571,0.31,0.333,NA,0.214,0.8,NA,0,0,NA,0.122,0.727,NA,2,0,flynnma01
Aleem Ford,SF,24,ORL,5,74,0.3,19.5,NA,0.25,0.15,0.1,0,0,0.75,NA,0.8,1,0.5,NA,NA,0.133,NA,0.75,1,NA,0.05,1,NA,0.2,0,NA,0,0,fordal03
Trent Forrest,PG,23,UTA,60,765,0.49,8.8,NA,0.826,0.316,0.439,0.058,0.013,0.174,NA,0.555,0.592,0.529,0.556,0.5,0.185,NA,0.225,1,NA,0.026,3,NA,0.63,0.235,NA,2,0,forretr01
Evan Fournier,SG,29,NYK,80,2358,0.417,19.6,NA,0.359,0.081,0.122,0.079,0.077,0.641,NA,0.465,0.603,0.39,0.474,0.432,0.389,NA,0.478,0.88,NA,0.004,3,NA,0.281,0.437,NA,2,0,fournev01
De'Aaron Fox,PG,24,SAC,59,2083,0.473,12.4,NA,0.772,0.199,0.267,0.189,0.117,0.228,NA,0.524,0.714,0.466,0.451,0.453,0.297,NA,0.215,0.554,NA,0.013,14,NA,0.137,0.235,NA,0,0,foxde01
Melvin Frazier,SG,25,OKC,3,120,0.271,12.4,NA,0.563,0.25,0.313,0,0,0.438,NA,0.444,0.667,0.267,NA,NA,0.048,NA,0.75,1,NA,0.021,1,NA,0.667,0.071,NA,0,0,frazime01
Enes Freedom,C,29,BOS,35,411,0.526,4.4,NA,0.948,0.557,0.33,0.041,0.021,0.052,NA,0.533,0.537,0.5,0.5,1,0.4,NA,0.388,1,NA,0.031,2,NA,0.2,1,NA,0,0,kanteen01
Markelle Fultz,PG,23,ORL,18,360,0.474,11.1,NA,0.903,0.229,0.309,0.211,0.154,0.097,NA,0.5,0.775,0.389,0.459,0.37,0.235,NA,0.177,0.5,NA,0.011,2,NA,0.118,0.5,NA,3,0,fultzma01
Daniel Gafford,C,23,WAS,72,1444,0.693,2.9,NA,0.998,0.657,0.304,0.022,0.012,0.002,NA,0.695,0.837,0.448,0.333,0,0,NA,0.737,NA,NA,0.438,158,NA,0,NA,NA,0,0,gaffoda01
Danilo Gallinari,PF,33,ATL,66,1672,0.434,18.4,NA,0.508,0.119,0.089,0.151,0.149,0.492,NA,0.485,0.718,0.377,0.467,0.382,0.381,NA,0.469,0.92,NA,0.032,19,NA,0.116,0.471,NA,2,1,gallida01
Darius Garland,PG,22,CLE,68,2430,0.462,15.5,NA,0.613,0.195,0.183,0.137,0.097,0.387,NA,0.512,0.607,0.451,0.497,0.456,0.383,NA,0.261,0.489,NA,0.001,0,NA,0.126,0.368,NA,2,1,garlada01
Marcus Garrett,SG,23,MIA,12,128,0.238,9.3,NA,0.81,0.476,0.143,0.095,0.095,0.19,NA,0.235,0.2,0.333,0,0.5,0.25,NA,0.5,1,NA,0,0,NA,0.5,0,NA,0,0,garrema01
Usman Garuba,PF,19,HOU,24,239,0.432,12.6,NA,0.545,0.5,0.023,0.023,0,0.455,NA,0.583,0.636,0,0,NA,0.25,NA,0.571,1,NA,0.136,5,NA,0.25,0,NA,0,0,garubus01
Luka Garza,C,23,DET,32,389,0.449,12.7,NA,0.667,0.293,0.218,0.068,0.088,0.333,NA,0.51,0.674,0.5,0.2,0.231,0.327,NA,0.52,1,NA,0.027,4,NA,0.061,0,NA,0,0,garzalu01
Rudy Gay,PF,35,UTA,55,1038,0.414,17.4,NA,0.464,0.142,0.15,0.111,0.061,0.536,NA,0.494,0.778,0.333,0.405,0.391,0.345,NA,0.506,0.929,NA,0.047,14,NA,0.286,0.379,NA,0,0,gayru01
Paul George,PF,31,LAC,31,1077,0.421,16.6,NA,0.596,0.146,0.123,0.16,0.167,0.404,NA,0.467,0.667,0.346,0.451,0.396,0.354,NA,0.22,0.484,NA,0.019,10,NA,0.152,0.538,NA,0,0,georgpa01
Taj Gibson,C,36,NYK,52,946,0.518,9.9,NA,0.771,0.398,0.181,0.102,0.09,0.229,NA,0.555,0.667,0.433,0.529,0.333,0.395,NA,0.676,1,NA,0.127,18,NA,0.658,0.52,NA,0,0,gibsota01
Josh Giddey,SF,19,OKC,54,1700,0.419,12.7,NA,0.682,0.196,0.336,0.097,0.054,0.318,NA,0.492,0.649,0.444,0.431,0.333,0.263,NA,0.302,0.821,NA,0.009,4,NA,0.202,0.326,NA,0,0,giddejo01
Shai Gilgeous-Alexander,PG,23,OKC,56,1942,0.453,12.1,NA,0.718,0.22,0.32,0.131,0.047,0.282,NA,0.514,0.662,0.445,0.442,0.49,0.3,NA,0.137,0.303,NA,0.023,23,NA,0.077,0.391,NA,0,0,gilgesh01
Anthony Gill,PF,29,WAS,44,463,0.569,9.2,NA,0.761,0.294,0.45,0.018,0,0.239,NA,0.578,0.625,0.551,0.5,NA,0.538,NA,0.771,1,NA,0.046,3,NA,0.462,0.583,NA,0,0,gillan01
Freddie Gillespie,PF,24,ORL,9,119,0.409,6.5,NA,0.955,0.273,0.545,0.136,0,0.045,NA,0.429,0.333,0.417,0.667,NA,0,NA,0.778,NA,NA,0.091,2,NA,1,0,NA,0,0,gillefr01
Rudy Gobert,C,29,UTA,66,2120,0.713,2.7,NA,0.992,0.738,0.244,0.008,0.002,0.008,NA,0.718,0.803,0.468,0.75,0,0,NA,0.724,NA,NA,0.494,233,NA,0,NA,NA,2,0,goberru01
Brandon Goodwin,PG,26,CLE,36,502,0.416,13.9,NA,0.643,0.266,0.201,0.117,0.058,0.357,NA,0.455,0.634,0.355,0.333,0.222,0.345,NA,0.244,0.632,NA,0,0,NA,0.145,0.25,NA,2,0,goodwbr01
Jordan Goodwin,SG,23,WAS,2,6,0,16.6,NA,0.667,0.333,0,0,0.333,0.333,NA,0,0,NA,NA,0,0,NA,NA,NA,NA,0,0,NA,0,NA,NA,0,0,goodwjo01
Aaron Gordon,PF,26,DEN,75,2376,0.52,11.5,NA,0.688,0.381,0.169,0.084,0.054,0.312,NA,0.605,0.796,0.369,0.329,0.422,0.335,NA,0.628,0.851,NA,0.173,130,NA,0.419,0.349,NA,4,0,gordoaa01
Eric Gordon,SG,33,HOU,57,1669,0.475,16.2,NA,0.466,0.238,0.2,0.021,0.007,0.534,NA,0.548,0.679,0.416,0.333,0.5,0.412,NA,0.34,0.718,NA,0.005,3,NA,0.066,0.5,NA,0,0,gordoer01
Devonte' Graham,PG,26,NOP,76,2162,0.363,21.2,NA,0.309,0.082,0.07,0.055,0.102,0.691,NA,0.413,0.627,0.298,0.4,0.325,0.341,NA,0.308,0.755,NA,0.001,1,NA,0.13,0.342,NA,4,1,grahade01
Jerami Grant,PF,27,DET,47,1500,0.426,15.2,NA,0.637,0.202,0.149,0.106,0.18,0.363,NA,0.465,0.631,0.442,0.243,0.429,0.358,NA,0.498,0.967,NA,0.049,29,NA,0.358,0.33,NA,1,0,grantje01
Hassani Gravett,PG,25,ORL,8,171,0.474,20.9,NA,0.316,0.079,0.105,0.079,0.053,0.684,NA,0.583,0.333,0.5,1,0.5,0.423,NA,0.429,0.727,NA,0,0,NA,0.192,0.6,NA,1,0,graveha01
Danny Green,SF,34,PHI,62,1353,0.394,21.8,NA,0.153,0.069,0.047,0.019,0.019,0.847,NA,0.469,0.682,0.2,0.5,0.333,0.38,NA,0.87,0.922,NA,0.003,1,NA,0.487,0.402,NA,1,0,greenda02
Draymond Green,PF,31,GSW,46,1329,0.525,9.8,NA,0.79,0.315,0.377,0.058,0.039,0.21,NA,0.586,0.716,0.557,0.267,0.3,0.296,NA,0.714,1,NA,0.093,21,NA,0.222,0.167,NA,4,0,greendr01
Jalen Green,SG,19,HOU,67,2138,0.426,15.7,NA,0.52,0.271,0.129,0.031,0.088,0.48,NA,0.502,0.68,0.252,0.333,0.381,0.343,NA,0.438,0.662,NA,0.087,69,NA,0.146,0.373,NA,1,0,greenja05
JaMychal Green,PF,31,DEN,67,1085,0.486,12.1,NA,0.621,0.391,0.156,0.034,0.04,0.379,NA,0.621,0.734,0.392,0.273,0.692,0.266,NA,0.69,1,NA,0.217,61,NA,0.306,0.342,NA,2,0,greenja01
Javonte Green,SF,28,CHI,65,1519,0.542,9.1,NA,0.689,0.535,0.123,0.031,0,0.311,NA,0.625,0.695,0.425,0.2,NA,0.356,NA,0.679,1,NA,0.194,58,NA,0.594,0.433,NA,0,0,greenja02
Jeff Green,PF,35,DEN,75,1849,0.524,11.3,NA,0.682,0.342,0.233,0.078,0.03,0.318,NA,0.62,0.79,0.496,0.415,0.188,0.315,NA,0.821,0.981,NA,0.153,74,NA,0.548,0.315,NA,2,0,greenje02
Josh Green,SG,21,DAL,67,1039,0.508,11.1,NA,0.695,0.328,0.227,0.098,0.043,0.305,NA,0.573,0.786,0.397,0.4,0.273,0.359,NA,0.784,1,NA,0.082,20,NA,0.679,0.396,NA,1,0,greenjo02
Blake Griffin,C,32,BRK,56,958,0.425,13.5,NA,0.537,0.339,0.15,0.035,0.013,0.463,NA,0.565,0.613,0.532,0.273,0.5,0.262,NA,0.621,0.947,NA,0.058,13,NA,0.262,0.237,NA,1,0,griffbl01
Quentin Grimes,SG,21,NYK,46,786,0.404,22.1,NA,0.196,0.089,0.017,0.021,0.068,0.804,NA,0.5,0.714,0,0.2,0.438,0.381,NA,0.609,0.958,NA,0.013,3,NA,0.249,0.468,NA,0,0,grimequ01
Kyle Guy,SG,24,MIA,19,186,0.4,18.7,NA,0.385,0.108,0.169,0.031,0.077,0.615,NA,0.48,0.857,0.091,0.5,0.8,0.35,NA,0.5,0.786,NA,0,0,NA,0.225,0.444,NA,0,0,guyky01
Rui Hachimura,PF,23,WAS,42,943,0.491,14.7,NA,0.677,0.197,0.15,0.16,0.171,0.323,NA,0.512,0.84,0.404,0.393,0.338,0.447,NA,0.606,0.982,NA,0.063,22,NA,0.285,0.429,NA,0,0,hachiru01
Tyler Hall,SG,24,NYK,1,2,NA,NA,NA,NA,NA,NA,NA,NA,NA,NA,NA,NA,NA,NA,NA,NA,NA,NA,NA,NA,NA,0,NA,NA,NA,NA,0,0,hallty01
R.J. Hampton,SG,20,ORL,64,1402,0.383,13.7,NA,0.6,0.217,0.304,0.044,0.035,0.4,NA,0.405,0.525,0.36,0.2,0.313,0.35,NA,0.333,0.906,NA,0.028,9,NA,0.197,0.389,NA,1,0,hamptrj01
Tim Hardaway Jr.,SG,29,DAL,42,1245,0.394,19.6,NA,0.426,0.094,0.092,0.098,0.142,0.574,NA,0.473,0.68,0.429,0.404,0.413,0.336,NA,0.664,0.804,NA,0.034,15,NA,0.194,0.322,NA,4,0,hardati02
Maurice Harkless,SF,28,SAC,47,863,0.459,15,NA,0.442,0.265,0.155,0.006,0.017,0.558,NA,0.65,0.688,0.643,0,0.333,0.307,NA,0.788,1,NA,0.116,17,NA,0.604,0.361,NA,0,0,harklma01
Jared Harper,PG,24,NOP,5,43,0.538,16.8,NA,0.538,0.192,0.115,0.077,0.154,0.462,NA,0.643,0.4,1,0.5,0.75,0.417,NA,0.333,0.6,NA,0.038,1,NA,0.083,1,NA,0,0,harpeja01
Gary Harris,SG,27,ORL,61,1730,0.434,17.2,NA,0.454,0.145,0.152,0.051,0.107,0.546,NA,0.494,0.675,0.464,0.429,0.322,0.384,NA,0.589,0.931,NA,0.014,7,NA,0.464,0.471,NA,0,0,harriga01
Joe Harris,SF,30,BRK,14,423,0.452,19.6,NA,0.29,0.113,0.105,0.048,0.024,0.71,NA,0.417,0.429,0.385,0.5,0.333,0.466,NA,0.867,1,NA,0,0,NA,0.307,0.63,NA,0,0,harrijo01
Tobias Harris,PF,29,PHI,73,2543,0.482,11.7,NA,0.731,0.25,0.282,0.156,0.043,0.269,NA,0.525,0.699,0.444,0.428,0.386,0.367,NA,0.444,0.891,NA,0.045,43,NA,0.262,0.361,NA,1,0,harrito02
Shaquille Harrison,SG,28,BRK,2,23,0.333,9.5,NA,0.667,0.5,0.167,0,0,0.333,NA,0.5,0.667,0,NA,NA,0,NA,0.5,NA,NA,0,0,NA,1,0,NA,0,0,harrish01
Isaiah Hartenstein,C,23,LAC,68,1216,0.626,5.9,NA,0.918,0.456,0.369,0.093,0,0.082,NA,0.64,0.754,0.519,0.559,NA,0.467,NA,0.749,0.857,NA,0.197,66,NA,0.2,0.333,NA,0,0,harteis01
Udonis Haslem,C,41,MIA,13,83,0.452,9.4,NA,0.871,0.419,0.161,0.194,0.097,0.129,NA,0.481,0.692,0,0.5,0.333,0.25,NA,0.769,1,NA,0,0,NA,0.75,0.333,NA,0,0,hasleud01
Sam Hauser,SF,24,BOS,26,158,0.46,22.7,NA,0.12,0.1,0.02,0,0,0.88,NA,0.667,0.8,0,NA,NA,0.432,NA,0.75,1,NA,0,0,NA,0.318,0.571,NA,0,0,hausesa01
Jaxson Hayes,C,21,NOP,70,1398,0.616,6.6,NA,0.857,0.54,0.259,0.04,0.018,0.143,NA,0.66,0.777,0.485,0.375,0.286,0.351,NA,0.76,0.95,NA,0.281,105,NA,0.316,0.278,NA,1,0,hayesja02
Killian Hayes,PG,20,DET,66,1647,0.383,14.3,NA,0.636,0.163,0.253,0.135,0.085,0.364,NA,0.452,0.747,0.345,0.387,0.308,0.263,NA,0.341,0.909,NA,0.031,13,NA,0.359,0.333,NA,0,0,hayeski01
Gordon Hayward,SF,31,CHO,49,1564,0.459,14.4,NA,0.643,0.214,0.173,0.157,0.099,0.357,NA,0.496,0.682,0.327,0.381,0.574,0.391,NA,0.579,0.872,NA,0.032,19,NA,0.205,0.444,NA,0,0,haywago01
Aaron Henry,SF,22,PHI,6,17,0.2,12,NA,0.8,0.2,0.2,0.4,0,0.2,NA,0.25,1,0,0,NA,0,NA,1,NA,NA,0,0,NA,0,NA,NA,0,0,henryaa01
Willy Hernangómez,C,27,NOP,50,839,0.52,4.2,NA,0.963,0.563,0.352,0.043,0.006,0.037,NA,0.527,0.63,0.391,0.357,0,0.333,NA,0.687,1,NA,0.098,30,NA,0.083,0,NA,1,0,hernawi01
Tyler Herro,SG,22,MIA,66,2151,0.447,16,NA,0.609,0.137,0.193,0.156,0.123,0.391,NA,0.477,0.688,0.407,0.446,0.391,0.399,NA,0.334,0.709,NA,0.014,14,NA,0.207,0.385,NA,5,0,herroty01
Haywood Highsmith,SF,25,MIA,19,163,0.348,16.7,NA,0.391,0.217,0.13,0,0.043,0.609,NA,0.389,0.3,0.5,NA,0.5,0.321,NA,0.857,1,NA,0,0,NA,0.571,0.375,NA,0,0,highsha01
George Hill,PG,35,MIL,54,1253,0.429,15.4,NA,0.513,0.265,0.138,0.062,0.047,0.487,NA,0.546,0.74,0.316,0.294,0.462,0.306,NA,0.442,0.927,NA,0.015,3,NA,0.381,0.392,NA,1,0,hillge01
Solomon Hill,SF,30,ATL,13,139,0.15,17.9,NA,0.35,0.25,0.1,0,0,0.65,NA,0.143,0.2,0,NA,NA,0.154,NA,1,1,NA,0,0,NA,0.231,0.333,NA,1,0,hillso01
Nate Hinton,SG,22,IND,2,2,0,8.1,NA,1,0,1,0,0,0,NA,0,NA,0,NA,NA,NA,NA,NA,NA,NA,0,0,NA,NA,NA,NA,0,0,hintona01
Jaylen Hoard,SF,22,OKC,7,240,0.489,10,NA,0.722,0.322,0.344,0.033,0.022,0.278,NA,0.538,0.724,0.387,0.333,0.5,0.36,NA,0.429,0.889,NA,0.044,4,NA,0.28,0.571,NA,0,0,hoardja01
Jrue Holiday,PG,31,MIL,67,2207,0.501,13.6,NA,0.664,0.222,0.246,0.124,0.071,0.336,NA,0.547,0.651,0.464,0.542,0.515,0.411,NA,0.197,0.432,NA,0.004,4,NA,0.103,0.364,NA,1,0,holidjr01
Richaun Holmes,C,28,SAC,45,1074,0.66,5.5,NA,0.983,0.5,0.273,0.2,0.01,0.017,NA,0.664,0.767,0.549,0.567,0.667,0.4,NA,0.75,1,NA,0.233,62,NA,0,NA,NA,0,0,holmeri01
Scotty Hopson,SG,32,OKC,1,18,0.5,17.3,NA,0.75,0,0.25,0,0.5,0.25,NA,0.667,NA,0,NA,1,0,NA,0.5,NA,NA,0,0,NA,0,NA,NA,0,0,hopsosc01
Al Horford,C,35,BOS,69,2005,0.467,15.3,NA,0.534,0.17,0.243,0.069,0.053,0.466,NA,0.582,0.784,0.507,0.538,0.333,0.336,NA,0.678,0.978,NA,0.056,31,NA,0.279,0.378,NA,0,0,horfoal01
Talen Horton-Tucker,SG,21,LAL,60,1511,0.416,12.8,NA,0.662,0.297,0.204,0.1,0.059,0.338,NA,0.492,0.613,0.409,0.389,0.344,0.269,NA,0.406,0.796,NA,0.035,16,NA,0.187,0.324,NA,0,0,hortota01
Dwight Howard,C,36,LAL,60,971,0.612,4.5,NA,0.932,0.63,0.251,0.037,0.014,0.068,NA,0.618,0.732,0.418,0.25,0,0.533,NA,0.675,0.875,NA,0.233,40,NA,0.133,1,NA,0,0,howardw01
Markus Howard,SG,22,DEN,31,176,0.386,20.2,NA,0.307,0.089,0.119,0.04,0.059,0.693,NA,0.355,0.333,0.417,0.25,0.333,0.4,NA,0.545,0.821,NA,0,0,NA,0.243,0.529,NA,0,0,howarma02
Kevin Huerter,SF,23,ATL,74,2188,0.454,18,NA,0.459,0.109,0.136,0.136,0.079,0.541,NA,0.53,0.663,0.485,0.505,0.467,0.389,NA,0.519,0.9,NA,0.004,3,NA,0.26,0.449,NA,2,0,huertke01
Jay Huff,C,23,LAL,4,20,0,19.9,NA,0.333,0,0.333,0,0,0.667,NA,0,NA,0,NA,NA,0,NA,NA,NA,NA,0,0,NA,0,NA,NA,0,0,huffja01
Feron Hunt,SF,22,NYK,2,8,0,1.5,NA,1,1,0,0,0,0,NA,0,0,NA,NA,NA,NA,NA,NA,NA,NA,0.5,0,NA,NA,NA,NA,0,0,huntfe01
De'Andre Hunter,SF,24,ATL,53,1577,0.442,13.9,NA,0.661,0.219,0.179,0.153,0.11,0.339,NA,0.474,0.651,0.398,0.409,0.333,0.379,NA,0.661,0.932,NA,0.043,22,NA,0.405,0.405,NA,0,0,huntede01
Chandler Hutchison,SF,25,PHO,6,22,0.5,5,NA,1,0.5,0.5,0,0,0,NA,0.5,0,1,NA,NA,NA,NA,1,NA,NA,0,0,NA,NA,NA,NA,0,0,hutchch01
Bones Hyland,SG,21,DEN,69,1310,0.403,19.4,NA,0.373,0.123,0.13,0.072,0.049,0.627,NA,0.465,0.7,0.284,0.341,0.536,0.366,NA,0.364,0.687,NA,0.009,3,NA,0.173,0.306,NA,2,0,hylanbo01
Andre Iguodala,SF,38,GSW,31,603,0.38,18.1,NA,0.388,0.207,0.116,0.025,0.041,0.612,NA,0.617,0.76,0.571,0,0.4,0.23,NA,0.621,0.941,NA,0.157,17,NA,0.338,0.24,NA,3,0,iguodan01
Joe Ingles,SF,34,UTA,45,1122,0.404,21.3,NA,0.211,0.039,0.147,0.014,0.011,0.789,NA,0.617,0.818,0.619,0.25,0.333,0.347,NA,0.595,0.756,NA,0,0,NA,0.187,0.405,NA,0,0,inglejo01
Brandon Ingram,SF,24,NOP,55,1869,0.461,14.6,NA,0.77,0.14,0.152,0.249,0.229,0.23,NA,0.501,0.681,0.436,0.506,0.427,0.327,NA,0.401,0.892,NA,0.045,39,NA,0.133,0.4,NA,3,1,ingrabr01
Kyrie Irving,PG,29,BRK,29,1091,0.469,16.5,NA,0.612,0.093,0.188,0.203,0.128,0.388,NA,0.501,0.702,0.543,0.432,0.405,0.418,NA,0.233,0.59,NA,0.002,1,NA,0.146,0.429,NA,0,0,irvinky01
Wes Iwundu,SF,27,ATL,3,82,0.444,12.3,NA,0.722,0.278,0.167,0.111,0.167,0.278,NA,0.385,0.4,0.333,0,0.667,0.6,NA,0.6,0.667,NA,0,0,NA,0.6,0.333,NA,0,0,iwundwe01
Frank Jackson,PG,23,DET,53,1164,0.402,17.4,NA,0.422,0.166,0.159,0.068,0.029,0.578,NA,0.529,0.725,0.338,0.515,0.5,0.308,NA,0.676,0.942,NA,0.01,5,NA,0.33,0.402,NA,0,0,jacksfr01
Isaiah Jackson,PF,20,IND,36,541,0.563,5,NA,0.922,0.621,0.218,0.053,0.029,0.078,NA,0.584,0.68,0.444,0.182,0.333,0.313,NA,0.757,1,NA,0.248,46,NA,0.063,1,NA,0,0,jacksis01
Jaren Jackson Jr.,PF,22,MEM,78,2126,0.415,13.1,NA,0.613,0.218,0.335,0.055,0.005,0.387,NA,0.476,0.615,0.395,0.421,0.4,0.319,NA,0.563,0.984,NA,0.051,46,NA,0.175,0.257,NA,1,0,jacksja02
Reggie Jackson,SG,31,LAC,75,2337,0.392,16.3,NA,0.581,0.145,0.19,0.106,0.14,0.419,NA,0.439,0.627,0.444,0.354,0.304,0.326,NA,0.205,0.587,NA,0.011,10,NA,0.186,0.358,NA,2,0,jacksre01
LeBron James,PF,37,LAL,56,2084,0.524,13.8,NA,0.633,0.325,0.141,0.073,0.094,0.367,NA,0.62,0.796,0.465,0.382,0.426,0.359,NA,0.407,0.559,NA,0.07,85,NA,0.074,0.303,NA,0,0,jamesle01
DeJon Jarreau,SG,24,IND,1,1,NA,NA,NA,NA,NA,NA,NA,NA,NA,NA,NA,NA,NA,NA,NA,NA,NA,NA,NA,NA,NA,0,NA,NA,NA,NA,0,0,jarrede01
DaQuan Jeffries,SG,24,MEM,3,9,0.5,12.1,NA,0.5,0.5,0,0,0,0.5,NA,1,1,NA,NA,NA,0,NA,1,NA,NA,0.5,1,NA,1,0,NA,0,0,jeffrda01
Ty Jerome,SG,24,OKC,48,801,0.378,18.3,NA,0.433,0.07,0.235,0.113,0.015,0.567,NA,0.493,0.478,0.481,0.568,0.2,0.29,NA,0.3,0.796,NA,0,0,NA,0.161,0.433,NA,1,0,jeromty01
Isaiah Joe,SG,22,PHI,55,609,0.35,22.2,NA,0.237,0.079,0.034,0.045,0.079,0.763,NA,0.405,0.643,0.333,0.375,0.214,0.333,NA,0.647,1,NA,0.023,4,NA,0.296,0.4,NA,1,0,joeis01
B.J. Johnson,SF,26,ORL,4,65,0.44,16.9,NA,0.6,0.2,0.08,0.12,0.2,0.4,NA,0.467,0.4,0,0.667,0.6,0.4,NA,0.714,1,NA,0.04,1,NA,0.2,0.5,NA,0,0,johnsbj01
Cameron Johnson,PF,25,PHO,66,1730,0.46,18.6,NA,0.356,0.127,0.147,0.041,0.041,0.644,NA,0.523,0.766,0.483,0.24,0.2,0.425,NA,0.673,0.976,NA,0.035,19,NA,0.368,0.465,NA,1,0,johnsca02
David Johnson,SG,20,TOR,2,2,0,26.1,NA,0,0,0,0,0,1,NA,NA,NA,NA,NA,NA,0,NA,NA,NA,NA,0,0,NA,0,NA,NA,0,0,johnsda08
Jalen Johnson,PF,20,ATL,22,120,0.537,10.8,NA,0.683,0.488,0.073,0.073,0.049,0.317,NA,0.679,0.95,0,0,0,0.231,NA,0.789,1,NA,0.244,10,NA,0.385,0.2,NA,0,0,johnsja05
James Johnson,PF,34,BRK,62,1191,0.469,9.4,NA,0.723,0.476,0.192,0.033,0.023,0.277,NA,0.545,0.651,0.39,0.2,0.143,0.271,NA,0.512,0.913,NA,0.091,25,NA,0.376,0.313,NA,0,0,johnsja01
Joe Johnson,SG,40,BOS,1,2,1,18.1,NA,1,0,0,0,1,0,NA,1,NA,NA,NA,1,NA,NA,0,NA,NA,0,0,NA,NA,NA,NA,0,0,johnsjo02
Keldon Johnson,SF,22,SAS,75,2392,0.466,13.4,NA,0.605,0.218,0.295,0.064,0.029,0.395,NA,0.51,0.645,0.45,0.369,0.414,0.398,NA,0.644,0.969,NA,0.028,25,NA,0.228,0.484,NA,1,0,johnske04
Stanley Johnson,PF,25,LAL,48,1094,0.466,13.7,NA,0.582,0.243,0.215,0.088,0.036,0.418,NA,0.575,0.738,0.37,0.682,0.444,0.314,NA,0.548,0.939,NA,0.008,2,NA,0.39,0.244,NA,0,0,johnsst04
Nikola Jokic,C,26,DEN,74,2476,0.583,10.2,NA,0.78,0.268,0.384,0.082,0.046,0.22,NA,0.652,0.776,0.606,0.565,0.467,0.337,NA,0.58,0.918,NA,0.025,31,NA,0.038,0.273,NA,3,0,jokicni01
Damian Jones,C,26,SAC,56,1017,0.658,7.4,NA,0.891,0.489,0.241,0.06,0.102,0.109,NA,0.696,0.877,0.469,0.438,0.519,0.345,NA,0.794,0.9,NA,0.252,57,NA,0.241,0.286,NA,1,0,jonesda03
Derrick Jones Jr.,PF,24,CHI,51,899,0.538,8.9,NA,0.687,0.549,0.128,0.005,0.005,0.313,NA,0.634,0.701,0.32,1,1,0.328,NA,0.706,1,NA,0.205,39,NA,0.672,0.39,NA,0,0,jonesde02
Herbert Jones,PF,23,NOP,78,2335,0.476,10.7,NA,0.707,0.413,0.205,0.016,0.073,0.293,NA,0.533,0.685,0.288,0.444,0.381,0.337,NA,0.631,1,NA,0.104,52,NA,0.521,0.341,NA,1,0,joneshe01
Jemerrio Jones,SF,26,LAL,2,15,0.667,2.7,NA,1,0.667,0.333,0,0,0,NA,0.667,1,0,NA,NA,NA,NA,0.5,NA,NA,0,0,NA,NA,NA,NA,0,0,jonesje01
Kai Jones,C,21,CHO,21,63,0.643,7.7,NA,0.857,0.5,0.214,0.071,0.071,0.143,NA,0.667,1,0.333,0,0,0.5,NA,0.875,1,NA,0.5,7,NA,0.5,1,NA,0,0,joneska01
Mason Jones,SG,23,LAL,4,51,0.467,10.5,NA,0.733,0.267,0.4,0.067,0,0.267,NA,0.545,0.75,0.5,0,NA,0.25,NA,0.667,0,NA,0,0,NA,0,NA,NA,0,0,jonesma05
Tre Jones,PG,22,SAS,69,1148,0.49,9.7,NA,0.85,0.307,0.307,0.201,0.035,0.15,NA,0.542,0.615,0.5,0.485,0.583,0.196,NA,0.455,0.8,NA,0.006,1,NA,0.451,0.217,NA,3,0,jonestr01
Tyus Jones,PG,25,MEM,73,1549,0.451,15.2,NA,0.629,0.1,0.241,0.243,0.045,0.371,NA,0.487,0.6,0.496,0.455,0.36,0.39,NA,0.367,0.838,NA,0,0,NA,0.21,0.395,NA,0,0,jonesty01
Cory Joseph,PG,30,DET,65,1600,0.445,14.7,NA,0.608,0.22,0.21,0.065,0.113,0.393,NA,0.465,0.614,0.429,0.346,0.311,0.414,NA,0.416,0.862,NA,0.003,0,NA,0.248,0.487,NA,2,0,josepco01
Frank Kaminsky,C,28,PHO,9,181,0.545,9.2,NA,0.773,0.303,0.394,0.061,0.015,0.227,NA,0.608,0.65,0.577,0.75,0,0.333,NA,0.71,1,NA,0.076,4,NA,0.067,0,NA,0,0,kaminfr01
Luke Kennard,SG,25,LAC,70,1919,0.449,20.8,NA,0.338,0.05,0.086,0.121,0.081,0.662,NA,0.449,0.625,0.455,0.416,0.385,0.449,NA,0.66,0.916,NA,0,0,NA,0.142,0.467,NA,0,0,kennalu01
George King,SF,28,DAL,4,19,0,19.6,NA,0.2,0,0.2,0,0,0.8,NA,0,NA,0,NA,NA,0,NA,NA,NA,NA,0,0,NA,0.75,0,NA,0,0,kingge03
Louis King,SF,22,SAC,10,104,0.319,20.1,NA,0.426,0.021,0.128,0.085,0.191,0.574,NA,0.35,1,0.333,0.25,0.333,0.296,NA,0.429,0.75,NA,0,0,NA,0.296,0.375,NA,0,0,kinglo02
Corey Kispert,SF,22,WAS,77,1801,0.455,18.1,NA,0.377,0.167,0.132,0.045,0.033,0.623,NA,0.629,0.791,0.515,0.565,0.353,0.35,NA,0.803,0.982,NA,0.025,12,NA,0.325,0.423,NA,0,0,kispeco01
Maxi Kleber,PF,30,DAL,59,1450,0.398,19.9,NA,0.28,0.164,0.051,0.04,0.025,0.72,NA,0.586,0.845,0.278,0.214,0.111,0.325,NA,0.845,0.988,NA,0.056,20,NA,0.231,0.322,NA,1,0,klebima01
Brandon Knight,PG,30,DAL,5,65,0.4,19.4,NA,0.32,0.28,0.04,0,0,0.68,NA,0.75,0.857,0,NA,NA,0.235,NA,0.667,0.75,NA,0,0,NA,0.118,0,NA,1,0,knighbr03
Nathan Knight,PF,24,MIN,37,267,0.511,5.7,NA,0.852,0.591,0.25,0.011,0,0.148,NA,0.547,0.673,0.273,0,NA,0.308,NA,0.707,1,NA,0.182,13,NA,0.308,0.5,NA,0,0,knighna01
John Konchar,SG,25,MEM,72,1292,0.515,14.3,NA,0.519,0.332,0.092,0.053,0.042,0.481,NA,0.61,0.736,0.458,0.429,0.182,0.413,NA,0.614,0.923,NA,0.08,18,NA,0.46,0.448,NA,0,0,konchjo01
Furkan Korkmaz,SG,24,PHI,67,1414,0.387,17.4,NA,0.434,0.187,0.149,0.047,0.051,0.566,NA,0.515,0.739,0.314,0.5,0.292,0.289,NA,0.524,0.87,NA,0.021,8,NA,0.199,0.283,NA,2,0,korkmfu01
Vit Krejci,SG,21,OKC,30,690,0.407,17.5,NA,0.413,0.102,0.257,0.012,0.042,0.587,NA,0.522,0.824,0.442,0,0.429,0.327,NA,0.556,0.906,NA,0.03,5,NA,0.194,0.474,NA,1,0,krejcvi01
Arnoldas Kulboka,SF,24,CHO,2,5,0,23.4,NA,0,0,0,0,0,1,NA,NA,NA,NA,NA,NA,0,NA,NA,NA,NA,0,0,NA,1,0,NA,0,0,kulboar01
Jonathan Kuminga,SF,19,GSW,70,1185,0.513,11,NA,0.676,0.341,0.276,0.043,0.015,0.324,NA,0.598,0.771,0.433,0.4,0.286,0.336,NA,0.608,1,NA,0.172,74,NA,0.349,0.25,NA,2,0,kuminjo01
Kyle Kuzma,PF,26,WAS,66,2204,0.452,14.8,NA,0.599,0.167,0.26,0.108,0.065,0.401,NA,0.526,0.744,0.498,0.386,0.311,0.341,NA,0.492,0.883,NA,0.024,19,NA,0.227,0.329,NA,1,0,kuzmaky01
Anthony Lamb,SF,24,SAS,2,8,0,27.1,NA,0,0,0,0,0,1,NA,NA,NA,NA,NA,NA,0,NA,NA,NA,NA,0,0,NA,0,NA,NA,0,0,lamban01
Jock Landale,C,26,SAS,54,589,0.495,13.3,NA,0.564,0.368,0.152,0.025,0.02,0.436,NA,0.626,0.707,0.484,0.2,0.75,0.326,NA,0.708,1,NA,0.118,23,NA,0.225,0.4,NA,1,0,landajo01
Zach LaVine,SG,26,CHI,67,2328,0.476,15.2,NA,0.599,0.264,0.103,0.086,0.147,0.401,NA,0.534,0.7,0.451,0.343,0.408,0.389,NA,0.35,0.568,NA,0.055,62,NA,0.139,0.53,NA,0,0,lavinza01
Jake Layman,SF,27,MIN,34,231,0.411,14.4,NA,0.521,0.301,0.123,0.055,0.041,0.479,NA,0.579,0.773,0.222,0.25,0.667,0.229,NA,0.682,1,NA,0.096,6,NA,0.486,0.235,NA,0,0,laymaja01
Damion Lee,SG,29,GSW,63,1256,0.441,16.4,NA,0.512,0.188,0.146,0.091,0.086,0.488,NA,0.541,0.833,0.429,0.343,0.303,0.337,NA,0.736,0.984,NA,0.005,2,NA,0.396,0.324,NA,2,0,leeda03
Saben Lee,PG,22,DET,37,604,0.39,11.2,NA,0.661,0.379,0.232,0.04,0.011,0.339,NA,0.47,0.597,0.341,0.143,0,0.233,NA,0.455,0.786,NA,0.051,7,NA,0.233,0.214,NA,0,0,leesa01
Alex Len,C,28,SAC,39,620,0.534,7,NA,0.881,0.415,0.335,0.125,0.006,0.119,NA,0.568,0.712,0.441,0.455,0,0.286,NA,0.773,1,NA,0.17,26,NA,0.286,0.333,NA,0,0,lenal01
Kira Lewis Jr.,PG,20,NOP,24,341,0.404,14.8,NA,0.603,0.267,0.171,0.103,0.062,0.397,NA,0.523,0.718,0.4,0.333,0.333,0.224,NA,0.457,0.846,NA,0.027,3,NA,0.241,0.286,NA,3,0,lewiski01
Scottie Lewis,SG,21,CHO,2,7,NA,NA,NA,NA,NA,NA,NA,NA,NA,NA,NA,NA,NA,NA,NA,NA,NA,NA,NA,NA,NA,0,NA,NA,NA,NA,0,0,lewissc01
Damian Lillard,PG,31,POR,29,1056,0.402,17.9,NA,0.486,0.239,0.071,0.074,0.101,0.514,NA,0.485,0.561,0.308,0.439,0.464,0.324,NA,0.192,0.446,NA,0.005,2,NA,0.056,0.375,NA,0,0,lillada01
Nassir Little,SF,21,POR,42,1088,0.46,14.9,NA,0.511,0.283,0.14,0.038,0.051,0.489,NA,0.584,0.742,0.386,0.333,0.438,0.331,NA,0.691,0.922,NA,0.114,32,NA,0.279,0.372,NA,0,0,littlna01
Isaiah Livers,SF,23,DET,19,383,0.456,20.1,NA,0.289,0.111,0.078,0.033,0.067,0.711,NA,0.538,0.8,0.429,0.667,0.167,0.422,NA,0.643,0.963,NA,0.011,1,NA,0.406,0.423,NA,0,0,liveris01
Kevon Looney,C,25,GSW,82,1732,0.571,4.6,NA,0.997,0.541,0.308,0.066,0.082,0.003,NA,0.573,0.675,0.554,0.292,0.2,0,NA,0.736,NA,NA,0.239,83,NA,0,NA,NA,0,0,looneke01
Brook Lopez,C,33,MIL,13,298,0.466,13.2,NA,0.595,0.298,0.198,0.084,0.015,0.405,NA,0.538,0.821,0.346,0.091,0,0.358,NA,0.714,0.947,NA,0.122,15,NA,0.34,0.5,NA,0,0,lopezbr01
Robin Lopez,C,33,ORL,36,612,0.553,6.2,NA,0.97,0.281,0.618,0.055,0.015,0.03,NA,0.56,0.714,0.512,0.364,0.333,0.333,NA,0.519,1,NA,0.035,7,NA,0.167,1,NA,1,0,lopezro01
Kevin Love,C,33,CLE,74,1665,0.43,19.7,NA,0.373,0.113,0.1,0.084,0.076,0.627,NA,0.493,0.709,0.461,0.391,0.328,0.392,NA,0.571,0.936,NA,0.008,5,NA,0.17,0.358,NA,1,0,loveke01
Kyle Lowry,PG,35,MIA,63,2133,0.44,19.8,NA,0.391,0.121,0.091,0.091,0.088,0.609,NA,0.539,0.711,0.456,0.456,0.473,0.377,NA,0.303,0.653,NA,0,0,NA,0.147,0.446,NA,4,0,lowryky01
Gabriel Lundberg,SG,27,PHO,4,44,0.263,19.3,NA,0.579,0.158,0.053,0,0.368,0.421,NA,0.182,0,0,NA,0.286,0.375,NA,0,0.667,NA,0,0,NA,0,NA,NA,0,0,lundbga01
Timothé Luwawu-Cabarrot,SF,26,ATL,52,685,0.398,17.5,NA,0.344,0.22,0.07,0.038,0.016,0.656,NA,0.469,0.512,0.385,0.429,0.333,0.361,NA,0.7,0.977,NA,0.032,6,NA,0.459,0.464,NA,0,0,luwawti01
Théo Maledon,PG,20,OKC,51,908,0.375,15.3,NA,0.527,0.117,0.334,0.054,0.022,0.473,NA,0.449,0.514,0.462,0.294,0.286,0.293,NA,0.453,0.864,NA,0.003,1,NA,0.18,0.222,NA,0,0,maledth01
Sandro Mamukelashvili,PF,22,MIL,41,407,0.496,13.3,NA,0.548,0.409,0.104,0.026,0.009,0.452,NA,0.556,0.638,0.25,0.667,0,0.423,NA,0.629,1,NA,0.087,8,NA,0.25,0.308,NA,0,0,mamuksa01
Terance Mann,SF,25,LAC,81,2317,0.484,12.3,NA,0.699,0.313,0.18,0.138,0.068,0.301,NA,0.535,0.69,0.46,0.4,0.298,0.365,NA,0.519,0.842,NA,0.099,56,NA,0.389,0.358,NA,5,0,mannte01
Tre Mann,PG,20,OKC,60,1367,0.393,16.7,NA,0.537,0.102,0.264,0.094,0.078,0.463,NA,0.421,0.533,0.394,0.418,0.37,0.36,NA,0.286,0.663,NA,0.014,6,NA,0.143,0.436,NA,4,0,manntr01
Boban Marjanović,C,33,DAL,23,128,0.6,7,NA,0.943,0.329,0.414,0.171,0.029,0.057,NA,0.621,0.783,0.552,0.417,1,0.25,NA,0.732,1,NA,0.129,9,NA,0,NA,NA,0,0,marjabo01
Lauri Markkanen,SF,24,CLE,61,1878,0.445,16.5,NA,0.459,0.226,0.144,0.061,0.028,0.541,NA,0.548,0.679,0.446,0.326,0.5,0.358,NA,0.684,0.993,NA,0.081,52,NA,0.2,0.342,NA,0,0,markkla01
Naji Marshall,SF,24,NOP,55,735,0.405,12.8,NA,0.61,0.32,0.193,0.071,0.026,0.39,NA,0.537,0.581,0.538,0.526,0,0.2,NA,0.557,0.81,NA,0.063,14,NA,0.343,0.139,NA,0,0,marshna01
Caleb Martin,SF,26,MIA,60,1372,0.507,12.6,NA,0.622,0.373,0.146,0.034,0.068,0.378,NA,0.565,0.739,0.25,0.143,0.5,0.413,NA,0.604,0.906,NA,0.107,36,NA,0.452,0.4,NA,1,0,martica02
Cody Martin,SF,26,CHO,71,1866,0.482,12.1,NA,0.624,0.39,0.137,0.045,0.052,0.376,NA,0.542,0.679,0.345,0.316,0.227,0.384,NA,0.636,0.885,NA,0.092,34,NA,0.597,0.379,NA,1,0,martico01
Kenyon Martin Jr.,SF,21,HOU,79,1656,0.533,9.8,NA,0.679,0.455,0.222,0.002,0,0.321,NA,0.617,0.739,0.371,0,NA,0.357,NA,0.735,1,NA,0.256,114,NA,0.274,0.283,NA,0,0,martike04
Garrison Mathews,SG,25,HOU,65,1712,0.399,22.5,NA,0.163,0.104,0.041,0.009,0.009,0.837,NA,0.6,0.771,0.316,0.25,0.25,0.36,NA,0.756,0.978,NA,0.024,10,NA,0.244,0.33,NA,0,0,mathega01
Dakota Mathias,SG,26,MEM,6,16,0.333,25.1,NA,0,0,0,0,0,1,NA,NA,NA,NA,NA,NA,0.333,NA,NA,1,NA,0,0,NA,0.167,1,NA,0,0,mathida01
Wesley Matthews,SG,35,MIL,49,1002,0.395,19.1,NA,0.286,0.155,0.091,0.041,0,0.714,NA,0.54,0.676,0.4,0.333,NA,0.338,NA,0.647,0.981,NA,0,0,NA,0.382,0.367,NA,0,0,matthwe02
Tyrese Maxey,PG,21,PHI,75,2650,0.485,12.9,NA,0.689,0.258,0.237,0.121,0.073,0.311,NA,0.512,0.654,0.466,0.317,0.479,0.427,NA,0.45,0.712,NA,0.017,14,NA,0.181,0.589,NA,2,0,maxeyty01
Skylar Mays,SG,24,ATL,28,220,0.5,12.1,NA,0.609,0.422,0.109,0.016,0.063,0.391,NA,0.615,0.667,0.429,0,0.75,0.32,NA,0.417,1,NA,0.031,2,NA,0.36,0.222,NA,0,0,mayssk01
Miles McBride,PG,21,NYK,40,372,0.296,19.1,NA,0.37,0.139,0.093,0.019,0.12,0.63,NA,0.375,0.6,0.2,0,0.308,0.25,NA,0.267,0.765,NA,0.009,0,NA,0.25,0.353,NA,0,0,mcbrimi01
T.J. McConnell,PG,29,IND,27,652,0.481,10,NA,0.841,0.274,0.332,0.173,0.063,0.159,NA,0.514,0.561,0.565,0.417,0.308,0.303,NA,0.256,0.9,NA,0,0,NA,0.333,0.273,NA,2,0,mccontj01
Jaden McDaniels,PF,21,MIN,70,1803,0.46,13.8,NA,0.545,0.283,0.179,0.054,0.029,0.455,NA,0.579,0.726,0.364,0.533,0.563,0.317,NA,0.72,0.988,NA,0.101,46,NA,0.496,0.36,NA,1,0,mcdanja02
Jalen McDaniels,SF,24,CHO,55,895,0.484,13.4,NA,0.575,0.283,0.224,0.051,0.016,0.425,NA,0.562,0.75,0.386,0.231,0.75,0.38,NA,0.61,1,NA,0.075,17,NA,0.38,0.341,NA,1,0,mcdanja01
Doug McDermott,PF,30,SAS,51,1223,0.462,16.6,NA,0.449,0.176,0.185,0.06,0.028,0.551,NA,0.512,0.646,0.395,0.464,0.538,0.422,NA,0.85,0.991,NA,0.011,5,NA,0.188,0.542,NA,0,0,mcderdo01
JaVale McGee,C,34,PHO,74,1172,0.629,4.3,NA,0.98,0.535,0.371,0.052,0.022,0.02,NA,0.637,0.706,0.588,0.375,0.4,0.222,NA,0.692,1,NA,0.229,100,NA,0,NA,NA,0,0,mcgeeja01
Cameron McGriff,SF,24,POR,3,46,0.357,13,NA,0.571,0.357,0.143,0,0.071,0.429,NA,0.375,0.4,0.5,NA,0,0.333,NA,0.667,0,NA,0,0,NA,0.333,0,NA,0,0,mcgrica01
Rodney McGruder,SG,30,DET,51,754,0.436,18.2,NA,0.351,0.169,0.12,0.044,0.018,0.649,NA,0.506,0.605,0.37,0.4,0.75,0.397,NA,0.65,1,NA,0.009,1,NA,0.459,0.418,NA,1,0,mcgruro01
Alfonzo McKinnie,SF,29,CHI,17,206,0.393,14.1,NA,0.557,0.311,0.082,0.082,0.082,0.443,NA,0.441,0.526,0.6,0,0.4,0.333,NA,0.733,1,NA,0.148,7,NA,0.407,0.364,NA,0,0,mckinal01
JaQuori McLaughlin,PG,24,DAL,4,11,0,21.9,NA,0.5,0,0,0,0.5,0.5,NA,0,NA,NA,NA,0,0,NA,NA,NA,NA,0,0,NA,1,0,NA,0,0,mclauja01
Jordan McLaughlin,PG,25,MIN,62,902,0.44,13.3,NA,0.575,0.29,0.23,0.05,0.005,0.425,NA,0.53,0.707,0.326,0.4,1,0.318,NA,0.492,0.852,NA,0.015,3,NA,0.365,0.516,NA,3,0,mclaujo01
Ben McLemore,SG,28,POR,64,1285,0.401,21.9,NA,0.226,0.091,0.033,0.006,0.096,0.774,NA,0.533,0.694,0.389,0.333,0.442,0.362,NA,0.846,0.967,NA,0.017,8,NA,0.309,0.488,NA,2,0,mclembe01
De'Anthony Melton,SG,23,MEM,73,1657,0.404,17.2,NA,0.465,0.167,0.164,0.068,0.066,0.535,NA,0.44,0.595,0.368,0.383,0.283,0.374,NA,0.472,0.856,NA,0.037,21,NA,0.156,0.5,NA,3,0,meltode01
Sam Merrill,SG,25,MEM,6,58,0.333,24.4,NA,0.042,0.042,0,0,0,0.958,NA,1,1,NA,NA,NA,0.304,NA,1,0.714,NA,0,0,NA,0.217,0.2,NA,0,0,merrisa01
Chimezie Metu,C,24,SAC,60,1279,0.452,14,NA,0.586,0.229,0.223,0.085,0.049,0.414,NA,0.555,0.718,0.49,0.368,0.409,0.306,NA,0.74,0.965,NA,0.167,63,NA,0.301,0.304,NA,0,0,metuch01
Khris Middleton,SF,30,MIL,66,2141,0.443,17.3,NA,0.575,0.104,0.14,0.189,0.142,0.425,NA,0.494,0.736,0.406,0.503,0.393,0.373,NA,0.331,0.63,NA,0.008,6,NA,0.111,0.375,NA,0,0,middlkh01
C.J. Miles,SG,34,BOS,1,2,NA,NA,NA,NA,NA,NA,NA,NA,NA,NA,NA,NA,NA,NA,NA,NA,NA,NA,NA,NA,NA,0,NA,NA,NA,NA,0,0,milescj01
Patty Mills,SG,33,BRK,81,2346,0.408,21.4,NA,0.285,0.064,0.037,0.065,0.118,0.715,NA,0.429,0.745,0.207,0.365,0.362,0.4,NA,0.619,0.925,NA,0,0,NA,0.257,0.397,NA,3,0,millspa02
Shake Milton,SG,25,PHI,55,1179,0.429,13.4,NA,0.67,0.199,0.278,0.136,0.057,0.33,NA,0.481,0.7,0.402,0.4,0.304,0.323,NA,0.369,0.93,NA,0.005,1,NA,0.233,0.355,NA,1,0,miltosh01
Davion Mitchell,PG,23,SAC,75,2076,0.418,15.6,NA,0.62,0.189,0.154,0.108,0.17,0.38,NA,0.48,0.642,0.438,0.352,0.42,0.316,NA,0.231,0.663,NA,0.004,3,NA,0.119,0.342,NA,4,0,mitchda01
Donovan Mitchell,SG,25,UTA,67,2266,0.448,16.7,NA,0.525,0.14,0.236,0.077,0.072,0.475,NA,0.533,0.708,0.465,0.519,0.434,0.355,NA,0.177,0.483,NA,0.018,21,NA,0.09,0.356,NA,2,0,mitchdo01
Evan Mobley,PF,20,CLE,69,2331,0.508,8.4,NA,0.889,0.364,0.307,0.143,0.075,0.111,NA,0.541,0.758,0.38,0.445,0.323,0.25,NA,0.652,0.957,NA,0.198,151,NA,0.228,0.333,NA,1,0,mobleev01
Malik Monk,SG,23,LAL,76,2139,0.473,16.3,NA,0.465,0.229,0.162,0.034,0.04,0.535,NA,0.568,0.725,0.448,0.393,0.303,0.391,NA,0.546,0.832,NA,0.069,54,NA,0.172,0.395,NA,0,0,monkma01
Moses Moody,SG,19,GSW,52,607,0.437,17.5,NA,0.399,0.213,0.082,0.049,0.055,0.601,NA,0.548,0.641,0.467,0.667,0.2,0.364,NA,0.7,1,NA,0.06,11,NA,0.336,0.243,NA,0,0,moodymo01
Xavier Moon,SG,27,LAC,10,137,0.49,16.4,NA,0.725,0.098,0.137,0.176,0.314,0.275,NA,0.541,0.4,0.286,0.556,0.688,0.357,NA,0.15,0.6,NA,0,0,NA,0.071,0,NA,0,0,moonxa01
Matt Mooney,SG,24,NYK,1,2,0,25.1,NA,0,0,0,0,0,1,NA,NA,NA,NA,NA,NA,0,NA,NA,NA,NA,0,0,NA,0,NA,NA,0,0,moonema01
Ja Morant,PG,22,MEM,57,1889,0.493,10.3,NA,0.782,0.332,0.291,0.135,0.025,0.218,NA,0.534,0.706,0.433,0.384,0.241,0.344,NA,0.248,0.511,NA,0.057,58,NA,0.09,0.391,NA,3,0,moranja01
Jaylen Morris,SG,26,SAS,3,16,0,11.6,NA,0.667,0.5,0.167,0,0,0.333,NA,0,0,0,NA,NA,0,NA,NA,NA,NA,0.167,0,NA,0,NA,NA,0,0,morrija01
Marcus Morris,PF,32,LAC,54,1564,0.434,17.6,NA,0.602,0.046,0.145,0.24,0.171,0.398,NA,0.478,0.688,0.49,0.47,0.424,0.367,NA,0.327,0.901,NA,0.001,0,NA,0.215,0.373,NA,2,0,morrima03
Markieff Morris,PF,32,MIA,17,298,0.474,14.8,NA,0.658,0.14,0.175,0.228,0.114,0.342,NA,0.547,0.75,0.45,0.5,0.538,0.333,NA,0.512,1,NA,0.044,4,NA,0.487,0.368,NA,0,0,morrima02
Monte Morris,PG,26,DEN,75,2239,0.484,16.1,NA,0.594,0.155,0.137,0.132,0.169,0.406,NA,0.545,0.725,0.491,0.49,0.466,0.395,NA,0.472,0.935,NA,0,0,NA,0.328,0.398,NA,0,0,morrimo01
Emmanuel Mudiay,PG,25,SAC,2,11,0,13,NA,1,0,0,1,0,0,NA,0,NA,NA,0,NA,NA,NA,NA,NA,NA,0,0,NA,NA,NA,NA,0,0,mudiaem01
Ade Murkey,SG,24,SAC,1,1,NA,NA,NA,NA,NA,NA,NA,NA,NA,NA,NA,NA,NA,NA,NA,NA,NA,NA,NA,NA,NA,0,NA,NA,NA,NA,0,0,murkead01
Trey Murphy III,SF,21,NOP,62,864,0.394,18.5,NA,0.329,0.199,0.087,0.018,0.025,0.671,NA,0.418,0.582,0.167,0.2,0.143,0.382,NA,0.579,0.972,NA,0.072,17,NA,0.392,0.466,NA,1,0,murphtr02
Dejounte Murray,PG,25,SAS,68,2366,0.462,12.7,NA,0.763,0.214,0.206,0.226,0.116,0.237,NA,0.504,0.665,0.418,0.456,0.451,0.327,NA,0.189,0.698,NA,0.019,23,NA,0.17,0.28,NA,0,0,murrade01
Mike Muscala,C,30,OKC,43,592,0.456,19.6,NA,0.343,0.129,0.097,0.089,0.028,0.657,NA,0.506,0.688,0.458,0.318,0.429,0.429,NA,0.814,1,NA,0.036,9,NA,0.178,0.345,NA,0,0,muscami01
Svi Mykhailiuk,SF,24,TOR,56,716,0.389,17,NA,0.427,0.218,0.098,0.06,0.051,0.573,NA,0.5,0.588,0.522,0.286,0.333,0.306,NA,0.54,0.951,NA,0.038,7,NA,0.299,0.4,NA,0,0,mykhasv01
Abdel Nader,SF,28,PHO,14,145,0.343,12.9,NA,0.6,0.314,0.286,0,0,0.4,NA,0.381,0.727,0,NA,NA,0.286,NA,0.5,1,NA,0.029,1,NA,0.357,0.2,NA,1,0,naderab01
RJ Nembhard Jr.,SG,22,CLE,14,63,0.333,8,NA,0.889,0.389,0.333,0.111,0.056,0.111,NA,0.375,0.857,0,0,0,0,NA,0.5,NA,NA,0,0,NA,0,NA,NA,0,0,nembhrj01
Aaron Nesmith,SF,22,BOS,52,574,0.396,18.4,NA,0.368,0.126,0.154,0.033,0.055,0.632,NA,0.612,0.87,0.464,0.167,0.7,0.27,NA,0.805,0.935,NA,0.027,5,NA,0.383,0.205,NA,0,0,nesmiaa01
Raul Neto,PG,29,WAS,70,1372,0.463,12,NA,0.728,0.231,0.313,0.159,0.025,0.272,NA,0.526,0.667,0.449,0.471,0.545,0.292,NA,0.331,0.686,NA,0,0,NA,0.142,0.294,NA,2,0,netora01
Malik Newman,PG,24,CLE,1,8,0.6,14.8,NA,0.8,0.2,0,0.4,0.2,0.2,NA,0.75,1,NA,1,0,0,NA,0.667,NA,NA,0,0,NA,0,NA,NA,0,0,newmama01
Georges Niang,PF,28,PHI,76,1736,0.437,19.1,NA,0.313,0.119,0.153,0.032,0.009,0.687,NA,0.511,0.627,0.465,0.389,0.2,0.403,NA,0.711,0.981,NA,0.004,2,NA,0.305,0.39,NA,1,0,niangge01
Daishen Nix,SG,19,HOU,24,261,0.403,12.7,NA,0.612,0.358,0.239,0,0.015,0.388,NA,0.488,0.667,0.25,NA,0,0.269,NA,0.4,0.714,NA,0.045,3,NA,0.154,0.25,NA,1,0,nixda01
Zeke Nnaji,PF,21,DEN,41,698,0.516,13.1,NA,0.57,0.355,0.156,0.005,0.054,0.43,NA,0.557,0.727,0.241,0,0.4,0.463,NA,0.576,0.946,NA,0.124,20,NA,0.425,0.5,NA,0,0,nnajize01
Nerlens Noel,C,27,NYK,25,562,0.533,5.9,NA,0.95,0.533,0.25,0.167,0,0.05,NA,0.561,0.563,0.533,0.6,NA,0,NA,0.75,NA,NA,0.117,3,NA,0.667,0,NA,1,0,noelne01
Jaylen Nowell,SG,22,MIN,62,975,0.475,14.1,NA,0.613,0.203,0.225,0.143,0.041,0.387,NA,0.526,0.679,0.43,0.508,0.353,0.394,NA,0.429,0.778,NA,0.022,8,NA,0.169,0.407,NA,2,0,nowelja01
Frank Ntilikina,SG,23,DAL,58,685,0.399,17.5,NA,0.502,0.117,0.157,0.094,0.135,0.498,NA,0.455,0.462,0.429,0.429,0.5,0.342,NA,0.529,0.895,NA,0.013,1,NA,0.315,0.343,NA,1,0,ntilila01
Jusuf Nurkić,C,27,POR,56,1579,0.535,5.9,NA,0.907,0.49,0.35,0.03,0.037,0.093,NA,0.563,0.653,0.481,0.278,0.364,0.268,NA,0.627,0.933,NA,0.062,35,NA,0.018,1,NA,0,0,nurkiju01
David Nwaba,SF,29,HOU,46,609,0.483,9,NA,0.722,0.511,0.193,0.017,0,0.278,NA,0.551,0.656,0.294,0.333,NA,0.306,NA,0.543,1,NA,0.125,22,NA,0.408,0.3,NA,0,0,nwabada01
Jordan Nwora,SF,23,MIL,62,1185,0.403,16.8,NA,0.509,0.188,0.13,0.097,0.093,0.491,NA,0.455,0.667,0.35,0.333,0.302,0.348,NA,0.617,0.747,NA,0.03,10,NA,0.295,0.343,NA,0,0,nworajo01
Royce O'Neale,SF,28,UTA,77,2406,0.457,18.7,NA,0.311,0.194,0.106,0.011,0,0.689,NA,0.609,0.686,0.532,0,NA,0.389,NA,0.679,0.983,NA,0.025,10,NA,0.307,0.383,NA,1,0,onealro01
Chuma Okeke,PF,23,ORL,70,1749,0.376,18.6,NA,0.355,0.137,0.139,0.045,0.033,0.645,NA,0.48,0.658,0.413,0.346,0.211,0.318,NA,0.531,0.966,NA,0.054,29,NA,0.24,0.382,NA,0,0,okekech01
Josh Okogie,SG,23,MIN,49,516,0.404,12.3,NA,0.548,0.365,0.173,0.01,0,0.452,NA,0.491,0.526,0.444,0,NA,0.298,NA,0.607,1,NA,0.115,9,NA,0.468,0.182,NA,0,0,okogijo01
Onyeka Okongwu,C,21,ATL,48,992,0.69,2.7,NA,1,0.677,0.296,0.027,0,0,NA,0.69,0.765,0.522,0.667,NA,NA,NA,0.795,NA,NA,0.274,59,NA,NA,NA,NA,0,0,okongon01
Isaac Okoro,SF,21,CLE,67,1981,0.48,10.4,NA,0.636,0.487,0.123,0.009,0.016,0.364,NA,0.555,0.648,0.264,0.25,0.143,0.35,NA,0.717,0.945,NA,0.09,36,NA,0.732,0.348,NA,0,0,okorois01
KZ Okpala,PF,22,MIA,21,244,0.435,12,NA,0.623,0.319,0.232,0.058,0.014,0.377,NA,0.488,0.545,0.5,0.25,0,0.346,NA,0.762,1,NA,0.101,7,NA,0.615,0.5,NA,0,0,okpalkz01
Victor Oladipo,SG,29,MIA,8,173,0.479,16.9,NA,0.507,0.247,0.096,0.082,0.082,0.493,NA,0.541,0.667,0.286,0.667,0.333,0.417,NA,0.25,0.467,NA,0.027,2,NA,0.139,0.8,NA,1,0,oladivi01
Cameron Oliver,SF,25,ATL,2,43,0.667,7.8,NA,0.8,0.6,0.133,0,0.067,0.2,NA,0.75,0.667,1,NA,1,0.333,NA,0.778,1,NA,0.067,1,NA,0.333,0,NA,0,0,oliveca01
Kelly Olynyk,C,30,DET,40,764,0.448,14.2,NA,0.584,0.301,0.175,0.045,0.063,0.416,NA,0.527,0.64,0.38,0.385,0.5,0.336,NA,0.625,0.875,NA,0.052,11,NA,0.017,0.5,NA,1,0,olynyke01
Eugene Omoruyi,SF,24,DAL,4,18,0.4,17.7,NA,0.6,0,0.2,0.2,0.2,0.4,NA,0.333,NA,1,0,0,0.5,NA,0,1,NA,0,0,NA,0.5,0,NA,0,0,omorueu01
Miye Oni,SG,24,UTA,16,44,0.222,21.8,NA,0.111,0.111,0,0,0,0.889,NA,1,1,NA,NA,NA,0.125,NA,0,1,NA,0,0,NA,0.625,0,NA,0,0,onimi01
Cedi Osman,SF,26,CLE,66,1462,0.432,17.9,NA,0.372,0.227,0.107,0.017,0.021,0.628,NA,0.559,0.654,0.443,0.2,0.417,0.357,NA,0.689,0.867,NA,0.014,8,NA,0.181,0.415,NA,1,0,osmande01
Daniel Oturu,C,22,TOR,3,27,0.5,6.8,NA,0.833,0.5,0.333,0,0,0.167,NA,0.6,0.667,0.5,NA,NA,0,NA,0.333,NA,NA,0,0,NA,0,NA,NA,0,0,oturuda01
Kelly Oubre Jr.,SF,26,CHO,76,1999,0.44,16.9,NA,0.407,0.231,0.121,0.042,0.013,0.593,NA,0.578,0.716,0.425,0.308,0.417,0.345,NA,0.612,0.932,NA,0.063,53,NA,0.313,0.335,NA,2,0,oubreke01
Jaysean Paige,PG,27,DET,1,7,0,23.7,NA,0.333,0,0,0,0.333,0.667,NA,0,NA,NA,NA,0,0,NA,NA,NA,NA,0,0,NA,0,NA,NA,0,0,paigeja01
Trayvon Palmer,SG,27,DET,1,17,0,4,NA,1,0,1,0,0,0,NA,0,NA,0,NA,NA,NA,NA,NA,NA,NA,0,0,NA,NA,NA,NA,0,0,palmetr01
Kevin Pangos,PG,29,CLE,24,166,0.326,17.8,NA,0.435,0.109,0.239,0.043,0.043,0.565,NA,0.45,0.6,0.364,0.5,0.5,0.231,NA,0.111,0.333,NA,0,0,NA,0.038,0,NA,0,0,pangoke01
Jabari Parker,PF,26,BOS,12,112,0.474,16.6,NA,0.579,0.211,0.184,0.026,0.158,0.421,NA,0.455,0.75,0.286,0,0.333,0.5,NA,0.6,0.875,NA,0.105,4,NA,0.375,0.5,NA,1,0,parkeja01
Eric Paschall,PF,25,UTA,58,736,0.485,13.4,NA,0.54,0.315,0.183,0.034,0.009,0.46,NA,0.583,0.649,0.512,0.25,1,0.37,NA,0.581,0.95,NA,0.094,17,NA,0.519,0.411,NA,2,0,pascher01
Chris Paul,PG,36,PHO,65,2139,0.493,16.4,NA,0.73,0.034,0.158,0.346,0.192,0.27,NA,0.559,0.72,0.543,0.592,0.482,0.317,NA,0.097,0.413,NA,0,0,NA,0.08,0.313,NA,3,0,paulch01
Cameron Payne,PG,27,PHO,58,1278,0.409,13.8,NA,0.641,0.187,0.3,0.112,0.041,0.359,NA,0.449,0.536,0.381,0.53,0.333,0.336,NA,0.183,0.634,NA,0.002,1,NA,0.085,0.222,NA,1,0,payneca01
Elfrid Payton,PG,27,PHO,50,549,0.383,8,NA,0.897,0.263,0.491,0.097,0.046,0.103,NA,0.401,0.5,0.372,0.353,0.25,0.222,NA,0.27,0.75,NA,0.029,4,NA,0.333,0,NA,0,0,paytoel01
Gary Payton II,SG,29,GSW,71,1247,0.616,10.4,NA,0.651,0.398,0.244,0.003,0.006,0.349,NA,0.754,0.825,0.655,0,0.5,0.358,NA,0.787,1,NA,0.18,55,NA,0.6,0.403,NA,1,0,paytoga02
Norvel Pelle,C,28,UTA,3,19,0.6,0.4,NA,1,1,0,0,0,0,NA,0.6,0.6,NA,NA,NA,NA,NA,0.667,NA,NA,0.4,2,NA,NA,NA,NA,0,0,pelleno01
Jamorko Pickett,PF,24,DET,13,176,0.36,21.1,NA,0.22,0.04,0.16,0,0.02,0.78,NA,0.455,0.5,0.5,NA,0,0.333,NA,0.8,0.923,NA,0.02,1,NA,0.359,0.357,NA,0,0,pickeja01
Theo Pinson,SF,26,DAL,19,148,0.359,21.9,NA,0.231,0.051,0.077,0.026,0.077,0.769,NA,0.444,0.5,0.333,0,0.667,0.333,NA,0.25,0.9,NA,0.026,1,NA,0.1,0.667,NA,0,0,pinsoth01
Mason Plumlee,C,31,CHO,73,1793,0.641,3.1,NA,0.994,0.681,0.266,0.044,0.003,0.006,NA,0.645,0.752,0.424,0.357,0,0,NA,0.776,NA,NA,0.375,108,NA,0,NA,NA,1,0,plumlma01
Jakob Poeltl,C,26,SAS,68,1970,0.618,4.7,NA,0.998,0.471,0.391,0.133,0.005,0.002,NA,0.618,0.747,0.514,0.477,0.333,1,NA,0.702,1,NA,0.072,44,NA,0,NA,NA,1,1,poeltja01
Aleksej Pokusevski,PF,20,OKC,61,1233,0.408,14.6,NA,0.568,0.2,0.248,0.07,0.05,0.432,NA,0.498,0.703,0.416,0.344,0.304,0.289,NA,0.535,0.947,NA,0.075,32,NA,0.203,0.325,NA,0,0,pokusal01
Yves Pons,SF,22,MEM,12,71,0.313,15,NA,0.438,0.25,0.125,0.063,0,0.563,NA,0.286,0.25,0,1,NA,0.333,NA,0,1,NA,0.313,1,NA,0.556,0.6,NA,0,0,ponsyv01
Jordan Poole,SG,22,GSW,76,2283,0.448,17.8,NA,0.452,0.142,0.182,0.066,0.061,0.548,NA,0.55,0.68,0.523,0.457,0.431,0.364,NA,0.414,0.706,NA,0.019,16,NA,0.16,0.355,NA,5,1,poolejo01
Kevin Porter Jr.,PG,21,HOU,61,1907,0.415,16.5,NA,0.489,0.203,0.157,0.058,0.071,0.511,NA,0.456,0.646,0.291,0.362,0.351,0.375,NA,0.267,0.516,NA,0.052,34,NA,0.107,0.477,NA,0,0,porteke02
Michael Porter Jr.,SF,23,DEN,9,265,0.359,17.2,NA,0.534,0.165,0.097,0.107,0.165,0.466,NA,0.491,0.706,0.3,0.273,0.529,0.208,NA,0.704,0.9,NA,0.019,2,NA,0.104,0,NA,1,0,portemi01
Otto Porter Jr.,PF,28,GSW,63,1396,0.464,16.7,NA,0.481,0.161,0.163,0.087,0.07,0.519,NA,0.565,0.746,0.515,0.444,0.414,0.37,NA,0.735,0.95,NA,0.029,11,NA,0.241,0.327,NA,0,0,porteot01
Bobby Portis,C,26,MIL,72,2028,0.479,14.5,NA,0.612,0.219,0.185,0.126,0.082,0.388,NA,0.533,0.644,0.497,0.455,0.437,0.393,NA,0.556,1,NA,0.037,24,NA,0.382,0.403,NA,2,0,portibo01
Micah Potter,C,23,DET,3,31,0.455,8.3,NA,0.818,0.364,0.273,0.182,0,0.182,NA,0.556,0.5,0.667,0.5,NA,0,NA,0.6,NA,NA,0,0,NA,0,NA,NA,0,0,pottemi01
Dwight Powell,C,30,DAL,82,1798,0.671,4.6,NA,0.908,0.708,0.16,0.02,0.02,0.092,NA,0.703,0.792,0.422,0.375,0.125,0.351,NA,0.855,1,NA,0.302,108,NA,0.216,0.625,NA,1,0,poweldw01
Myles Powell,PG,24,PHI,11,52,0.294,13.5,NA,0.647,0.353,0.176,0,0.118,0.353,NA,0.364,0.667,0,NA,0,0.167,NA,0,0,NA,0,0,NA,0,NA,NA,0,0,powelmy01
Joshua Primo,SF,19,SAS,50,965,0.374,15.9,NA,0.493,0.2,0.178,0.07,0.044,0.507,NA,0.444,0.611,0.375,0.263,0.25,0.307,NA,0.525,0.929,NA,0.033,8,NA,0.35,0.271,NA,1,0,primojo01
Taurean Prince,PF,27,MIN,69,1177,0.454,17.2,NA,0.413,0.174,0.138,0.062,0.038,0.587,NA,0.565,0.676,0.463,0.625,0.333,0.376,NA,0.692,0.942,NA,0.023,7,NA,0.402,0.446,NA,2,0,princta02
Payton Pritchard,PG,24,BOS,71,1001,0.429,20.6,NA,0.343,0.094,0.091,0.062,0.097,0.657,NA,0.461,0.629,0.353,0.478,0.389,0.412,NA,0.356,0.802,NA,0.003,1,NA,0.167,0.585,NA,0,0,pritcpa01
Trevelin Queen,SG,24,HOU,10,74,0.455,19.6,NA,0.273,0.242,0.03,0,0,0.727,NA,0.667,0.75,0,NA,NA,0.375,NA,0.5,0.556,NA,0.03,1,NA,0.167,0.5,NA,0,0,queentr01
Neemias Queta,C,22,SAC,14,120,0.447,5.4,NA,1,0.447,0.368,0.132,0.053,0,NA,0.447,0.529,0.5,0.2,0,NA,NA,0.647,NA,NA,0.158,5,NA,NA,NA,NA,0,0,quetane01
Immanuel Quickley,PG,22,NYK,78,1802,0.392,18.4,NA,0.453,0.09,0.167,0.13,0.066,0.547,NA,0.448,0.631,0.421,0.404,0.354,0.346,NA,0.299,0.526,NA,0.004,2,NA,0.104,0.39,NA,0,0,quickim01
Jahmi'us Ramsey,SG,20,SAC,19,134,0.414,12.4,NA,0.69,0.31,0.224,0.069,0.086,0.31,NA,0.475,0.667,0.231,0.25,0.6,0.278,NA,0.579,0.8,NA,0.034,2,NA,0.167,0.333,NA,0,0,ramseja01
Julius Randle,PF,27,NYK,72,2544,0.411,13.8,NA,0.687,0.254,0.152,0.137,0.144,0.313,NA,0.458,0.627,0.368,0.374,0.335,0.308,NA,0.362,0.8,NA,0.04,43,NA,0.115,0.289,NA,0,0,randlju01
Austin Reaves,SG,23,LAL,61,1418,0.459,16.6,NA,0.475,0.211,0.157,0.066,0.041,0.525,NA,0.616,0.746,0.56,0.571,0.231,0.317,NA,0.559,0.981,NA,0.019,6,NA,0.287,0.354,NA,3,0,reaveau01
Davon Reed,SG,26,DEN,48,668,0.503,18,NA,0.466,0.099,0.161,0.075,0.13,0.534,NA,0.587,0.688,0.5,0.583,0.619,0.43,NA,0.591,0.919,NA,0.025,2,NA,0.302,0.385,NA,0,0,reedda01
Paul Reed,C,22,PHI,38,302,0.563,5.4,NA,0.917,0.625,0.219,0.042,0.031,0.083,NA,0.591,0.767,0.19,0.25,0.333,0.25,NA,0.577,1,NA,0.24,22,NA,0.5,0,NA,1,0,reedpa01
Naz Reid,C,22,MIN,77,1215,0.489,10.6,NA,0.651,0.399,0.244,0.008,0,0.349,NA,0.568,0.684,0.379,0.5,NA,0.343,NA,0.625,0.982,NA,0.099,40,NA,0.229,0.474,NA,0,0,reidna01
Nick Richards,C,24,CHO,50,367,0.667,2.7,NA,1,0.689,0.278,0.033,0,0,NA,0.667,0.774,0.36,1,NA,NA,NA,0.783,NA,NA,0.4,30,NA,NA,NA,NA,0,0,richani01
Austin Rivers,SG,29,DEN,67,1480,0.417,17.9,NA,0.34,0.16,0.151,0.02,0.009,0.66,NA,0.563,0.75,0.453,0.143,0,0.342,NA,0.463,0.848,NA,0.006,2,NA,0.45,0.471,NA,0,0,riverau01
Duncan Robinson,SG,27,MIA,79,2043,0.399,22.7,NA,0.14,0.077,0.039,0.012,0.012,0.86,NA,0.569,0.679,0.393,0.556,0.444,0.372,NA,0.828,0.961,NA,0.003,2,NA,0.239,0.423,NA,0,0,robindu01
Mitchell Robinson,C,23,NYK,72,1848,0.761,1.2,NA,1,0.918,0.082,0,0,0,NA,0.761,0.781,0.536,NA,NA,NA,NA,0.517,NA,NA,0.583,178,NA,NA,NA,NA,0,0,robinmi01
Jeremiah Robinson-Earl,C,21,OKC,49,1087,0.414,15.3,NA,0.491,0.244,0.151,0.062,0.034,0.509,NA,0.478,0.608,0.429,0.2,0.273,0.352,NA,0.75,1,NA,0.056,15,NA,0.279,0.348,NA,0,0,robinje02
Isaiah Roby,PF,23,OKC,45,948,0.514,10.8,NA,0.693,0.319,0.328,0.031,0.015,0.307,NA,0.545,0.699,0.425,0.3,0.4,0.444,NA,0.689,0.909,NA,0.136,36,NA,0.273,0.481,NA,0,0,robyis01
Derrick Rose,PG,33,NYK,26,636,0.445,13.4,NA,0.664,0.245,0.23,0.088,0.102,0.336,NA,0.467,0.582,0.508,0.292,0.25,0.402,NA,0.259,0.757,NA,0,0,NA,0.185,0.353,NA,1,0,rosede01
Terrence Ross,SG,30,ORL,63,1448,0.397,18,NA,0.523,0.108,0.125,0.155,0.135,0.477,NA,0.493,0.7,0.435,0.523,0.347,0.292,NA,0.524,0.779,NA,0.023,10,NA,0.133,0.314,NA,4,0,rosste01
Terry Rozier,SG,27,CHO,73,2458,0.444,16.4,NA,0.492,0.181,0.165,0.082,0.064,0.508,NA,0.516,0.649,0.396,0.521,0.44,0.374,NA,0.439,0.838,NA,0.011,10,NA,0.364,0.403,NA,3,0,roziete01
Ricky Rubio,PG,31,CLE,34,970,0.363,15.4,NA,0.577,0.197,0.165,0.136,0.078,0.423,NA,0.38,0.481,0.294,0.375,0.313,0.339,NA,0.256,0.661,NA,0,0,NA,0.293,0.294,NA,2,0,rubiori01
D'Angelo Russell,PG,25,MIN,65,2077,0.411,18.2,NA,0.469,0.128,0.128,0.104,0.109,0.531,NA,0.492,0.696,0.392,0.465,0.396,0.34,NA,0.28,0.631,NA,0.008,5,NA,0.083,0.395,NA,3,0,russeda01
Matt Ryan,SF,24,BOS,1,5,0.2,25.6,NA,0,0,0,0,0,1,NA,NA,NA,NA,NA,NA,0.2,NA,NA,1,NA,0,0,NA,0.4,0.5,NA,0,0,ryanma01
Olivier Sarr,C,22,OKC,22,421,0.574,10.8,NA,0.713,0.238,0.396,0.069,0.01,0.287,NA,0.625,0.667,0.575,0.857,0,0.448,NA,0.778,1,NA,0.267,19,NA,0.241,0.143,NA,0,0,sarrol01
Jordan Schakel,SG,23,WAS,4,30,0.091,17.8,NA,0.455,0.091,0.273,0,0.091,0.545,NA,0,0,0,NA,0,0.167,NA,NA,1,NA,0,0,NA,0.167,0,NA,0,0,schakjo01
Admiral Schofield,SF,24,ORL,38,469,0.419,17.6,NA,0.388,0.147,0.209,0.023,0.008,0.612,NA,0.56,0.632,0.481,0.667,1,0.329,NA,0.714,0.962,NA,0.023,1,NA,0.367,0.345,NA,2,0,schofad01
Tre Scott,SF,25,CLE,2,11,0.5,8.2,NA,0.833,0.5,0.167,0.167,0,0.167,NA,0.6,0.667,1,0,NA,0,NA,0.667,NA,NA,0,0,NA,0,NA,NA,0,0,scotttr01
Jay Scrubb,SG,21,LAC,18,121,0.391,16.2,NA,0.543,0.239,0.087,0.13,0.087,0.457,NA,0.48,0.545,0.5,0.5,0.25,0.286,NA,0.333,0.667,NA,0.043,1,NA,0.143,0.667,NA,0,0,scrubja01
Wayne Selden,SG,27,NYK,3,19,0.25,15.9,NA,0.5,0,0.5,0,0,0.5,NA,0,NA,0,NA,NA,0.5,NA,NA,1,NA,0,0,NA,0.5,0,NA,0,0,seldewa01
Alperen Şengün,C,19,HOU,72,1489,0.474,9,NA,0.777,0.429,0.297,0.042,0.01,0.223,NA,0.539,0.671,0.385,0.318,0.4,0.248,NA,0.436,0.966,NA,0.099,44,NA,0.085,0.2,NA,6,0,sengual01
Collin Sexton,SG,23,CLE,11,316,0.45,11.8,NA,0.702,0.305,0.258,0.066,0.073,0.298,NA,0.538,0.739,0.385,0.4,0.364,0.244,NA,0.421,0.818,NA,0.026,4,NA,0.156,0.286,NA,0,0,sextoco01
Landry Shamet,SG,24,PHO,69,1437,0.394,20,NA,0.311,0.089,0.109,0.058,0.056,0.689,NA,0.45,0.628,0.34,0.393,0.444,0.368,NA,0.603,0.951,NA,0.029,13,NA,0.302,0.396,NA,2,0,shamela01
Day'Ron Sharpe,PF,20,BRK,32,391,0.577,3.2,NA,0.953,0.772,0.161,0.02,0,0.047,NA,0.592,0.652,0.333,0.333,NA,0.286,NA,0.595,1,NA,0.195,22,NA,0.143,1,NA,0,0,sharpda01
Pascal Siakam,PF,27,TOR,68,2578,0.494,11.2,NA,0.819,0.216,0.34,0.132,0.132,0.181,NA,0.527,0.716,0.498,0.447,0.371,0.344,NA,0.292,0.947,NA,0.026,31,NA,0.183,0.475,NA,1,0,siakapa01
Marko Simonovic,C,22,CHI,9,35,0.267,12.2,NA,0.667,0.333,0.2,0,0.133,0.333,NA,0.3,0.6,0,NA,0,0.2,NA,0.667,1,NA,0.067,1,NA,0,NA,NA,0,0,simonma01
Anfernee Simons,SG,22,POR,57,1681,0.443,19,NA,0.445,0.113,0.118,0.109,0.105,0.555,NA,0.49,0.567,0.489,0.483,0.417,0.405,NA,0.195,0.654,NA,0.011,8,NA,0.09,0.4,NA,2,0,simonan01
Zavier Simpson,PG,24,OKC,4,174,0.365,9.1,NA,0.846,0.25,0.442,0.096,0.058,0.154,NA,0.409,0.538,0.391,0.4,0,0.125,NA,0.222,1,NA,0,0,NA,0,NA,NA,0,0,simpsza01
Jericho Sims,PF,23,NYK,41,555,0.722,2,NA,1,0.815,0.148,0.037,0,0,NA,0.722,0.795,0.5,0,NA,NA,NA,0.795,NA,NA,0.63,33,NA,NA,NA,NA,0,0,simsje01
Deividas Sirvydis,SG,21,DET,3,27,0.1,19.4,NA,0.3,0.2,0.1,0,0,0.7,NA,0,0,0,NA,NA,0.143,NA,NA,1,NA,0,0,NA,0,NA,NA,0,0,sirvyde01
Marcus Smart,PG,27,BOS,71,2296,0.418,16.1,NA,0.499,0.146,0.251,0.075,0.026,0.501,NA,0.506,0.695,0.439,0.5,0.105,0.331,NA,0.365,0.916,NA,0.013,8,NA,0.233,0.345,NA,2,0,smartma01
Dennis Smith Jr.,PG,24,POR,37,638,0.418,9,NA,0.857,0.354,0.307,0.09,0.106,0.143,NA,0.451,0.522,0.431,0.235,0.45,0.222,NA,0.329,0.5,NA,0.026,3,NA,0.222,0.333,NA,0,0,smithde03
Jaden Springer,SG,19,PHI,2,6,1,9.1,NA,1,0,1,0,0,0,NA,1,NA,1,NA,NA,NA,NA,0,NA,NA,0,0,NA,NA,NA,NA,0,0,sprinja01
Cassius Stanley,SG,22,DET,9,155,0.413,12.5,NA,0.63,0.152,0.413,0.043,0.022,0.37,NA,0.517,0.571,0.526,0.5,0,0.235,NA,0.6,1,NA,0.022,0,NA,0.471,0.25,NA,0,0,stanlca01
Lamar Stevens,PF,24,CLE,63,1015,0.489,9.9,NA,0.796,0.382,0.201,0.125,0.088,0.204,NA,0.543,0.73,0.266,0.475,0.464,0.277,NA,0.601,1,NA,0.113,33,NA,0.585,0.263,NA,0,0,stevela01
Isaiah Stewart,C,20,DET,71,1816,0.51,5.6,NA,0.906,0.584,0.243,0.039,0.041,0.094,NA,0.529,0.591,0.445,0.158,0.5,0.326,NA,0.689,0.933,NA,0.061,28,NA,0.087,0,NA,0,0,stewais01
Max Strus,SF,25,MIA,68,1587,0.441,21.1,NA,0.216,0.135,0.053,0.016,0.012,0.784,NA,0.557,0.658,0.433,0.222,0.429,0.41,NA,0.779,0.956,NA,0.016,7,NA,0.258,0.5,NA,1,0,strusma01
Jalen Suggs,PG,20,ORL,48,1307,0.361,13.3,NA,0.642,0.263,0.245,0.069,0.066,0.358,NA,0.443,0.611,0.313,0.395,0.306,0.214,NA,0.365,0.667,NA,0.035,15,NA,0.122,0.208,NA,1,0,suggsja01
Craig Sword,SG,28,WAS,3,19,0.75,7,NA,0.75,0.75,0,0,0,0.25,NA,1,1,NA,NA,NA,0,NA,1,NA,NA,0,0,NA,1,0,NA,0,0,swordcr01
Keifer Sykes,PG,28,IND,32,566,0.363,17.3,NA,0.526,0.168,0.079,0.116,0.163,0.474,NA,0.42,0.688,0.333,0.182,0.355,0.3,NA,0.429,0.889,NA,0.021,4,NA,0.3,0.407,NA,0,0,sykeske01
Jae'Sean Tate,PF,26,HOU,78,2056,0.498,9.2,NA,0.723,0.414,0.295,0.01,0.004,0.277,NA,0.569,0.705,0.391,0.286,0.333,0.312,NA,0.49,0.937,NA,0.064,43,NA,0.391,0.316,NA,0,0,tateja01
Jayson Tatum,SF,23,BOS,76,2731,0.453,15.2,NA,0.584,0.22,0.176,0.088,0.1,0.416,NA,0.524,0.741,0.413,0.328,0.41,0.353,NA,0.429,0.565,NA,0.052,76,NA,0.121,0.38,NA,2,0,tatumja01
Terry Taylor,SG,22,IND,33,714,0.614,7.2,NA,0.827,0.482,0.282,0.045,0.018,0.173,NA,0.676,0.755,0.565,0.6,0.5,0.316,NA,0.667,0.917,NA,0.064,11,NA,0.658,0.32,NA,1,0,taylote01
Garrett Temple,SG,35,NOP,59,1098,0.376,18.1,NA,0.373,0.18,0.071,0.071,0.051,0.627,NA,0.473,0.642,0.429,0.238,0.267,0.319,NA,0.635,0.983,NA,0.014,4,NA,0.459,0.318,NA,0,0,templga01
Emanuel Terry,PF,25,PHO,3,18,0,2.2,NA,1,0.6,0.4,0,0,0,NA,0,0,0,NA,NA,NA,NA,NA,NA,NA,0,0,NA,NA,NA,NA,0,0,terryem01
Tyrell Terry,PG,21,MEM,2,3,1,15.2,NA,1,0,0,1,0,0,NA,1,NA,NA,1,NA,NA,NA,0,NA,NA,0,0,NA,NA,NA,NA,0,0,terryty01
Jon Teske,C,24,MEM,3,8,0,15.5,NA,1,0,0,1,0,0,NA,0,NA,NA,0,NA,NA,NA,NA,NA,NA,0,0,NA,NA,NA,NA,0,0,teskejo01
Brodric Thomas,SG,25,BOS,12,60,0.444,14.5,NA,0.5,0.389,0.111,0,0,0.5,NA,0.667,0.857,0,NA,NA,0.222,NA,0.833,0.5,NA,0.167,1,NA,0.111,0,NA,0,0,thomabr01
Cam Thomas,SG,20,BRK,67,1176,0.433,16,NA,0.654,0.107,0.145,0.25,0.151,0.346,NA,0.52,0.574,0.521,0.548,0.434,0.27,NA,0.415,0.702,NA,0.002,0,NA,0.172,0.433,NA,0,0,thomaca02
Matt Thomas,SG,27,CHI,40,459,0.41,22.6,NA,0.321,0.007,0.015,0.082,0.216,0.679,NA,0.465,1,0,0.273,0.552,0.385,NA,0.85,0.886,NA,0,0,NA,0.242,0.5,NA,0,0,thomama02
Klay Thompson,SG,31,GSW,32,941,0.429,18.9,NA,0.483,0.061,0.129,0.162,0.131,0.517,NA,0.477,0.714,0.486,0.409,0.44,0.385,NA,0.636,0.886,NA,0.009,5,NA,0.166,0.367,NA,1,0,thompkl01
JT Thor,PF,19,CHO,33,262,0.436,15.8,NA,0.509,0.255,0.127,0.073,0.055,0.491,NA,0.607,0.786,0.429,0.25,0.667,0.259,NA,0.706,1,NA,0.145,7,NA,0.111,0.667,NA,0,0,thorjt01
Matisse Thybulle,SG,24,PHI,66,1685,0.5,13.1,NA,0.52,0.407,0.097,0.017,0,0.48,NA,0.673,0.795,0.276,0,NA,0.313,NA,0.733,0.956,NA,0.203,60,NA,0.486,0.371,NA,0,0,thybuma01
Killian Tillie,C,23,MEM,36,461,0.339,18.7,NA,0.323,0.126,0.157,0.039,0,0.677,NA,0.39,0.688,0.2,0.2,NA,0.314,NA,0.625,0.963,NA,0.024,3,NA,0.302,0.269,NA,0,0,tilliki02
Xavier Tillman Sr.,PF,23,MEM,53,701,0.454,9.6,NA,0.773,0.389,0.245,0.106,0.032,0.227,NA,0.527,0.595,0.472,0.478,0.286,0.204,NA,0.67,0.9,NA,0.093,16,NA,0.286,0.357,NA,0,0,tillmxa01
Isaiah Todd,PF,20,WAS,12,74,0.269,18,NA,0.385,0.154,0.115,0.077,0.038,0.615,NA,0.3,0.25,0.333,0,1,0.25,NA,0.667,1,NA,0,0,NA,0.563,0.444,NA,0,0,toddis01
Obi Toppin,PF,23,NYK,72,1230,0.531,10.5,NA,0.643,0.505,0.108,0.017,0.013,0.357,NA,0.655,0.728,0.392,0.375,0.333,0.308,NA,0.824,1,NA,0.235,102,NA,0.491,0.349,NA,1,0,toppiob01
Juan Toscano-Anderson,SF,28,GSW,73,994,0.489,11.7,NA,0.63,0.328,0.277,0.013,0.013,0.37,NA,0.588,0.662,0.538,0,0.333,0.322,NA,0.69,0.857,NA,0.102,21,NA,0.253,0.273,NA,1,0,toscaju01
Karl-Anthony Towns,C,26,MIN,74,2476,0.529,11.5,NA,0.699,0.333,0.255,0.049,0.062,0.301,NA,0.58,0.688,0.537,0.35,0.36,0.41,NA,0.537,0.887,NA,0.091,99,NA,0.087,0.344,NA,0,0,townska01
Gary Trent Jr.,SG,23,TOR,70,2448,0.414,18.5,NA,0.498,0.087,0.131,0.113,0.167,0.502,NA,0.445,0.579,0.415,0.48,0.376,0.383,NA,0.411,0.766,NA,0.015,14,NA,0.196,0.374,NA,1,0,trentga02
P.J. Tucker,PF,36,MIA,71,1981,0.484,13.8,NA,0.549,0.199,0.255,0.079,0.016,0.451,NA,0.54,0.6,0.532,0.471,0.286,0.415,NA,0.819,0.988,NA,0.007,3,NA,0.886,0.415,NA,0,0,tuckepj01
Myles Turner,C,25,IND,42,1235,0.509,14.8,NA,0.534,0.242,0.216,0.048,0.028,0.466,NA,0.662,0.789,0.565,0.526,0.545,0.333,NA,0.683,1,NA,0.061,22,NA,0.186,0.324,NA,0,0,turnemy01
Jonas Valančiūnas,C,29,NOP,74,2240,0.544,9.1,NA,0.832,0.333,0.324,0.132,0.043,0.168,NA,0.581,0.696,0.52,0.484,0.45,0.361,NA,0.627,0.982,NA,0.064,53,NA,0.019,0.333,NA,0,0,valanjo01
Jarred Vanderbilt,PF,22,MIN,74,1880,0.587,3.1,NA,0.961,0.726,0.211,0.022,0.003,0.039,NA,0.605,0.71,0.289,0.25,0,0.143,NA,0.69,1,NA,0.343,117,NA,0.643,0.222,NA,0,0,vandeja01
Fred VanVleet,PG,27,TOR,65,2462,0.403,19.9,NA,0.415,0.086,0.122,0.091,0.116,0.585,NA,0.44,0.649,0.313,0.41,0.441,0.377,NA,0.225,0.595,NA,0,0,NA,0.126,0.432,NA,6,0,vanvlfr01
Devin Vassell,SF,21,SAS,71,1937,0.427,17.3,NA,0.503,0.131,0.126,0.151,0.096,0.497,NA,0.492,0.67,0.448,0.417,0.425,0.361,NA,0.672,0.971,NA,0.043,28,NA,0.326,0.347,NA,1,0,vassede01
Gabe Vincent,PG,25,MIA,68,1589,0.417,19.5,NA,0.37,0.138,0.078,0.082,0.072,0.63,NA,0.5,0.563,0.475,0.524,0.378,0.368,NA,0.4,0.798,NA,0.002,1,NA,0.251,0.42,NA,5,0,vincega01
Nikola Vučević,C,31,CHI,73,2418,0.473,13,NA,0.713,0.223,0.253,0.137,0.101,0.287,NA,0.537,0.708,0.49,0.449,0.397,0.314,NA,0.713,1,NA,0.032,34,NA,0.06,0.3,NA,2,0,vucevni01
Dean Wade,PF,25,CLE,51,980,0.456,18.3,NA,0.346,0.198,0.055,0.069,0.023,0.654,NA,0.64,0.767,0.5,0.267,1,0.359,NA,0.563,0.98,NA,0.065,14,NA,0.268,0.211,NA,0,0,wadede01
Franz Wagner,SF,20,ORL,79,2429,0.468,10.4,NA,0.722,0.295,0.367,0.043,0.016,0.278,NA,0.511,0.625,0.455,0.31,0.25,0.354,NA,0.531,0.833,NA,0.063,59,NA,0.225,0.459,NA,0,0,wagnefr01
Moritz Wagner,C,24,ORL,63,960,0.497,14.4,NA,0.492,0.316,0.169,0,0.008,0.508,NA,0.672,0.752,0.552,NA,0,0.328,NA,0.763,0.985,NA,0.149,50,NA,0.119,0.375,NA,0,0,wagnemo01
Ish Wainright,PF,27,PHO,45,359,0.394,15.8,NA,0.433,0.231,0.163,0.019,0.019,0.567,NA,0.489,0.708,0.294,0,0,0.322,NA,0.636,1,NA,0.038,3,NA,0.475,0.429,NA,0,0,wainris01
Kemba Walker,PG,31,NYK,37,948,0.403,18,NA,0.462,0.138,0.13,0.084,0.111,0.538,NA,0.444,0.569,0.375,0.323,0.463,0.367,NA,0.211,0.507,NA,0,0,NA,0.03,0.5,NA,0,0,walkeke02
Lonnie Walker IV,SG,23,SAS,70,1612,0.407,17,NA,0.538,0.166,0.122,0.093,0.157,0.462,NA,0.487,0.693,0.43,0.366,0.383,0.314,NA,0.54,0.856,NA,0.029,21,NA,0.195,0.362,NA,5,0,walkelo01
M.J. Walker,SG,23,PHO,2,8,0,15.4,NA,0.5,0.25,0.25,0,0,0.5,NA,0,0,0,NA,NA,0,NA,NA,NA,NA,0,0,NA,0.5,0,NA,0,0,walkemj01
Tyrone Wallace,SG,27,NOP,6,75,0.35,13,NA,0.6,0.35,0.15,0.05,0.05,0.4,NA,0.417,0.714,0,0,0,0.25,NA,1,1,NA,0,0,NA,0.375,0.333,NA,0,0,wallaty01
Derrick Walton,PG,26,DET,3,108,0.231,18.1,NA,0.5,0.077,0.192,0.038,0.192,0.5,NA,0.231,0.5,0.2,0,0.2,0.231,NA,0,1,NA,0,0,NA,0,NA,NA,0,0,waltode01
Duane Washington Jr.,PG,21,IND,48,968,0.405,16.3,NA,0.496,0.201,0.155,0.08,0.061,0.504,NA,0.434,0.535,0.379,0.353,0.346,0.377,NA,0.522,0.926,NA,0.016,6,NA,0.34,0.479,NA,2,0,washidu02
P.J. Washington,C,23,CHO,65,1768,0.47,15.8,NA,0.434,0.286,0.132,0.015,0.002,0.566,NA,0.606,0.711,0.4,0.5,0,0.365,NA,0.793,0.973,NA,0.103,51,NA,0.252,0.316,NA,3,0,washipj01
Yuta Watanabe,SF,27,TOR,38,445,0.406,17.2,NA,0.428,0.167,0.13,0.101,0.029,0.572,NA,0.492,0.565,0.333,0.571,0.5,0.342,NA,0.655,1,NA,0.029,2,NA,0.43,0.382,NA,0,0,watanyu01
Lindy Waters III,SG,24,OKC,25,465,0.406,22.4,NA,0.166,0.04,0.097,0.023,0.006,0.834,NA,0.621,0.714,0.647,0.25,1,0.363,NA,0.722,0.887,NA,0.023,4,NA,0.247,0.306,NA,0,0,waterli01
Trendon Watford,SF,21,POR,48,869,0.532,8,NA,0.858,0.371,0.337,0.135,0.015,0.142,NA,0.581,0.768,0.478,0.361,0.25,0.237,NA,0.579,0.889,NA,0.03,7,NA,0.237,0.111,NA,0,0,watfotr01
Paul Watson,SF,27,OKC,9,156,0.343,19.7,NA,0.257,0.114,0.114,0.029,0,0.743,NA,0.667,0.75,0.5,1,NA,0.231,NA,0.5,1,NA,0.029,0,NA,0.423,0.273,NA,0,0,watsopa01
Quinndary Weatherspoon,SG,25,GSW,11,73,0.571,8.5,NA,0.762,0.476,0.238,0.048,0,0.238,NA,0.688,0.8,0.6,0,NA,0.2,NA,0.818,1,NA,0.048,1,NA,0.2,0,NA,0,0,weathqu01
Russell Westbrook,PG,33,LAL,78,2678,0.444,10.8,NA,0.785,0.333,0.232,0.106,0.114,0.215,NA,0.485,0.623,0.388,0.374,0.379,0.298,NA,0.232,0.646,NA,0.021,17,NA,0.181,0.438,NA,0,0,westbru01
Coby White,PG,21,CHI,61,1675,0.433,17.4,NA,0.452,0.183,0.13,0.065,0.073,0.548,NA,0.491,0.661,0.357,0.381,0.404,0.385,NA,0.42,0.897,NA,0.008,5,NA,0.198,0.471,NA,2,0,whiteco01
Hassan Whiteside,C,32,UTA,65,1162,0.652,3.8,NA,1,0.552,0.376,0.058,0.015,0,NA,0.652,0.802,0.516,0.263,0,NA,NA,0.637,NA,NA,0.282,86,NA,NA,NA,NA,0,0,whiteha01
Joe Wieskamp,SG,22,SAS,29,205,0.357,21.5,NA,0.232,0.071,0.054,0.036,0.071,0.768,NA,0.462,0.75,0.333,0.5,0.25,0.326,NA,0.5,0.929,NA,0,0,NA,0.209,0.111,NA,0,0,wieskjo01
Aaron Wiggins,SG,23,OKC,50,1209,0.463,12.7,NA,0.591,0.249,0.318,0.018,0.006,0.409,NA,0.573,0.655,0.514,0.5,0.5,0.304,NA,0.561,0.976,NA,0.05,15,NA,0.362,0.34,NA,0,0,wiggiaa01
Andrew Wiggins,SF,26,GSW,73,2329,0.466,14.9,NA,0.608,0.161,0.242,0.094,0.111,0.392,NA,0.513,0.732,0.49,0.365,0.372,0.393,NA,0.497,0.898,NA,0.051,45,NA,0.261,0.442,NA,0,0,wiggian01
Lindell Wigginton,PG,23,MIL,19,199,0.426,12.7,NA,0.574,0.377,0.18,0.016,0,0.426,NA,0.486,0.609,0.273,0,NA,0.346,NA,0.765,1,NA,0.016,0,NA,0.308,0.625,NA,0,0,wiggili01
Brandon Williams,PG,22,POR,24,640,0.372,14.1,NA,0.624,0.259,0.184,0.099,0.082,0.376,NA,0.42,0.507,0.327,0.429,0.348,0.292,NA,0.311,0.71,NA,0.004,1,NA,0.208,0.455,NA,3,0,willibr03
Grant Williams,PF,23,BOS,77,1875,0.475,16.6,NA,0.403,0.185,0.169,0.035,0.014,0.597,NA,0.569,0.75,0.493,0.133,0.167,0.411,NA,0.717,0.991,NA,0.032,11,NA,0.481,0.468,NA,0,0,willigr01
Kenrich Williams,SF,27,OKC,49,1072,0.461,13.7,NA,0.618,0.243,0.224,0.079,0.073,0.382,NA,0.536,0.649,0.479,0.48,0.391,0.339,NA,0.59,0.829,NA,0.085,24,NA,0.331,0.35,NA,1,0,willike04
Lou Williams,PG,35,ATL,56,799,0.391,15.3,NA,0.681,0.116,0.159,0.244,0.163,0.319,NA,0.404,0.514,0.392,0.372,0.385,0.363,NA,0.341,0.73,NA,0.003,1,NA,0.373,0.421,NA,0,0,willilo02
Patrick Williams,PF,20,CHI,17,422,0.529,13.2,NA,0.716,0.275,0.147,0.108,0.186,0.284,NA,0.534,0.714,0.4,0.545,0.368,0.517,NA,0.667,0.933,NA,0.069,7,NA,0.414,0.5,NA,0,0,willipa01
Robert Williams,C,24,BOS,61,1804,0.736,2.4,NA,0.997,0.772,0.198,0.014,0.014,0.003,NA,0.738,0.792,0.589,0.2,0.4,0,NA,0.694,NA,NA,0.47,157,NA,0,NA,NA,0,0,williro04
Ziaire Williams,SF,20,MEM,62,1346,0.45,17.2,NA,0.429,0.179,0.108,0.083,0.059,0.571,NA,0.632,0.855,0.478,0.343,0.64,0.314,NA,0.8,0.961,NA,0.104,44,NA,0.471,0.325,NA,2,0,willizi02
D.J. Wilson,PF,25,TOR,4,54,0.733,9.6,NA,0.867,0.4,0.133,0.2,0.133,0.133,NA,0.846,1,0.5,0.667,1,0,NA,0.727,NA,NA,0.267,4,NA,0.5,0,NA,0,0,wilsodj01
Dylan Windler,SF,25,CLE,50,459,0.378,18.7,NA,0.286,0.194,0.082,0.01,0,0.714,NA,0.571,0.632,0.5,0,NA,0.3,NA,0.813,0.952,NA,0.041,3,NA,0.429,0.333,NA,0,0,windldy01
Cassius Winston,PG,23,WAS,7,39,0.364,19.1,NA,0.455,0.091,0.091,0.182,0.091,0.545,NA,0.4,0,0,0.5,1,0.333,NA,0.5,1,NA,0,0,NA,0.167,0,NA,0,0,winstca01
Christian Wood,C,26,HOU,68,2094,0.501,13,NA,0.617,0.312,0.211,0.054,0.041,0.383,NA,0.57,0.737,0.454,0.34,0.194,0.39,NA,0.605,0.847,NA,0.147,120,NA,0.116,0.462,NA,1,0,woodch01
Robert Woodard II,SF,22,SAC,12,42,0.125,12.7,NA,0.75,0.188,0.25,0.125,0.188,0.25,NA,0.083,0.333,0,0,0,0.25,NA,1,1,NA,0.063,1,NA,0.25,0,NA,0,0,woodaro01
Delon Wright,SG,29,ATL,77,1452,0.454,14.1,NA,0.569,0.294,0.19,0.045,0.041,0.431,NA,0.51,0.62,0.412,0.25,0.455,0.379,NA,0.449,0.818,NA,0.026,7,NA,0.25,0.276,NA,3,0,wrighde01
McKinley Wright IV,PG,23,MIN,5,19,0.667,19.3,NA,0.333,0,0.333,0,0,0.667,NA,1,NA,1,NA,NA,0.5,NA,0,0,NA,0,0,NA,0,NA,NA,0,0,wrighmc01
Gabe York,SG,28,IND,2,21,0.286,22.4,NA,0.143,0,0.143,0,0,0.857,NA,1,NA,1,NA,NA,0.167,NA,1,1,NA,0,0,NA,0.167,0,NA,0,0,yorkga01
Trae Young,PG,23,ATL,76,2652,0.46,16.5,NA,0.605,0.159,0.204,0.116,0.126,0.395,NA,0.512,0.62,0.451,0.469,0.513,0.382,NA,0.142,0.223,NA,0,0,NA,0.048,0.552,NA,1,0,youngtr01
Omer Yurtseven,C,23,MIA,56,706,0.526,5.8,NA,0.955,0.437,0.385,0.113,0.02,0.045,NA,0.547,0.722,0.432,0.357,0,0.091,NA,0.783,1,NA,0.178,39,NA,0.182,0,NA,0,0,yurtsom01
Cody Zeller,C,29,POR,27,355,0.567,3.7,NA,0.956,0.644,0.267,0.033,0.011,0.044,NA,0.593,0.621,0.542,0.333,1,0,NA,0.725,NA,NA,0.211,16,NA,0.25,0,NA,0,0,zelleco01
Ivica Zubac,C,24,LAC,76,1852,0.626,3.4,NA,1,0.58,0.382,0.032,0.006,0,NA,0.626,0.714,0.508,0.5,0.333,NA,NA,0.719,NA,NA,0.248,110,NA,NA,NA,NA,0,0,zubaciv01
